relative_path,bytes,sha256
Check-And-Launch.cmd,134,52dc2b6cc6a157959dda4b35e0b13ce96d1c2bd92214d9f417814bd4e8fbea03
Config/DefaultEngine.ini,2986,177578e793b55872957ad9a252a1814c42c24d2be8b36aec84be893aa1fd10a4
Config/DefaultGame.ini,93,4a30fd7db7143446eeb2a8f30f9fb14227d3c1042f4072abe7ef50ab5ac981ec
Config/DefaultInput.ini,11430,a5669d167cc4b2fd1ddb926a3e0385588dc0501e76adf9eee2aa7471204d5773
Content/Characters/Mannequins/Materials/M_Mannequin.uasset,59292,d7ffe412d906380bd5bd4462f464b2a1fe48fdb79b9077f29bd0f958a782035c
Content/Characters/Mannequins/Materials/Manny/MI_Manny_01_New.uasset,17963,9f1e4ed382304d020b750c81505140fc1de4d339b0909430adb5380a6bb89b65
Content/Characters/Mannequins/Materials/Manny/MI_Manny_02_New.uasset,18706,26389db06f0b7928b487494bef3320d6b0e6bccd58193bccedd67c2c89132a46
Content/Characters/Mannequins/Materials/Quinn/MI_Quinn_01.uasset,11184,62a3050ef24b823f9fe84ac5d9c477099494982d35dafcc3d8078f32b0d4a865
Content/Characters/Mannequins/Materials/Quinn/MI_Quinn_02.uasset,10718,6aec77489fdfab0e1ea299de60fbd4f332face4495bbbd20b97fb0308bb9c5b4
Content/Characters/Mannequins/Meshes/SK_Mannequin.uasset,188419,0c9f7983cd54dcfc8e197ff4d7cbfb83ca6eee7b07c037efa4e527b08d0dd851
Content/Characters/Mannequins/Meshes/SKM_Manny_Simple.uasset,15825101,be9f011191ee1887b97cd13bce09886a6066c2fd62c619991070ec142184e1bf
Content/Characters/Mannequins/Meshes/SKM_Quinn_Simple.uasset,16252577,1ef45d92507a76d74a5e06737f94cad40eb7d5f5769dfbb63f7f74e784a178c6
Content/Characters/Mannequins/Rigs/CR_Mannequin_Body.uasset,17057558,57f84458a160c35b77f0442d2af41054e41e021ebbb496c2c76dea76d1d89580
Content/Characters/Mannequins/Rigs/PA_Mannequin.uasset,307956,9eb4d0c9558838e9ccac8a0776302d1390867b8933876053ff78eeae305a7ccb
Content/Characters/Mannequins/Textures/Manny/T_Manny_01_BN.uasset,1422785,2f623209571ecbd8185b5b463786be033c3284190b4fc7b249e8d1d2ed995fd8
Content/Characters/Mannequins/Textures/Manny/T_Manny_01_D.uasset,699555,6ae0f4f9908c30ecc9aedf1ebb442e4983e526a7832ec791542064c7853f9999
Content/Characters/Mannequins/Textures/Manny/T_Manny_01_MRA.uasset,712594,3e42e888aed8aefff68da7d7dda4f177c5647b19473e4e913f61375c1319abd8
Content/Characters/Mannequins/Textures/Manny/T_Manny_02_BN.uasset,20999487,c9575d21c9e2872b3358c0efb9e202535ce2efce94c338b9d3bd04cb9831e353
Content/Characters/Mannequins/Textures/Manny/T_Manny_02_D.uasset,1036712,474728713232c6833f55c041548f555bc62c5c49e74082a5d16e68a5ce488cfe
Content/Characters/Mannequins/Textures/Manny/T_Manny_02_MRA.uasset,1059559,6697972eaf2dfe201923dba6a302f024b0ef4c4e46b4ecf578178717098e8277
Content/Characters/Mannequins/Textures/Quinn/T_Quinn_01_D.uasset,674768,04e5ed207b7df0d2ad1bbc668916bcf170545fc2a72875e49ec99c6e2667002f
Content/Characters/Mannequins/Textures/Quinn/T_Quinn_01_MRA.uasset,791597,0988d4d9f25597224910e1043591cb2a089a8607a4fe4a63cbc68f3eb2ab473e
Content/Characters/Mannequins/Textures/Quinn/T_Quinn_01_N.uasset,1263741,10fbe9ac3e18e0a890d19756d3470ca372a1aeaffefbe9a22d6b0e6182293551
Content/Characters/Mannequins/Textures/Quinn/T_Quinn_02_D.uasset,943331,f0ccb2f465894c6f9ff4dd142351ed33186c5f861283a75f3e08d1531a253c49
Content/Characters/Mannequins/Textures/Quinn/T_Quinn_02_MRA.uasset,974099,9f7e495cbe0430aed7084b5508f87186f98346eb04f003734c9b378891da7887
Content/Characters/Mannequins/Textures/Quinn/T_Quinn_02_N.uasset,1524635,0bc26466e9fdc954cc276bb6ac1350e22c3dabbe1b54b6bf78ed5ae2e339d9fc
Content/Characters/Mannequins/Textures/Shared/T_UE_Logo_M.uasset,59927,34e6fa3414c04a86b7a5287e5569ea9d6e53c319d6e7dbfc8b09dab5b70611a6
Content/DoorInteractionKit/Animations/AnimationMontage/AM_CardLockWithNotify.uasset,16596,80d4d55f88cff58c457385ef94ca06de4d0cad39ec81f7fd4dd6a7ae6dea6aaa
Content/DoorInteractionKit/Animations/AnimationMontage/AM_CardLockWithoutNotify.uasset,15133,34f2c76de49729aaa7bf4bea4a0efc4dbfab9e68d5e718da9329feecbdfbf70a
Content/DoorInteractionKit/Animations/AnimationMontage/AM_DoubleDoor.uasset,14955,e78962d018ca0308e3d2c87fc1a652a8f4baff1f5f13454a0805bf10e49376ed
Content/DoorInteractionKit/Animations/AnimationMontage/AM_EyeScanWithNotify.uasset,12036,53093b1ab9e18eb44e3984d6ffec7231da810aabc0753faef956fbac5be0b027
Content/DoorInteractionKit/Animations/AnimationMontage/AM_EyeScanWithoutNotify.uasset,9349,eab6a0602fe28ad33db41e8891dc92c8c7e7259ac639f96639bfa423e1e37860
Content/DoorInteractionKit/Animations/AnimationMontage/AM_HandScanWithNotify.uasset,14970,ee734012c8f6012447e81ed19f93f7c9782ce11ce264a56c0a04eefe83b0792f
Content/DoorInteractionKit/Animations/AnimationMontage/AM_HandScanWithoutNotify.uasset,13507,111b3a130497ca1761cc2ae1bb40e69a22923fdac1367853e05615b421951bb7
Content/DoorInteractionKit/Animations/AnimationMontage/AM_Kick.uasset,11895,16444f9698ae1575a4d49eb93a27c2085c3c386d2aaada8df993e75017b54eb6
Content/DoorInteractionKit/Animations/AnimationMontage/AM_KnokDoor.uasset,9209,efa0637f2c1f27f721e1bd96900fb71874fc015a2dfb4a3beeafdfc671f7eb8d
Content/DoorInteractionKit/Animations/AnimationMontage/AM_LockedDoorL.uasset,13329,e911f6da3384c635120b05c43e4fbbf61b0a770548899d657e1d9f6ff551d02e
Content/DoorInteractionKit/Animations/AnimationMontage/AM_LockedDoorR.uasset,13457,240d506d68f0778a13e8df87d871f3cf99742c01c7d748a46114cab5a90831c8
Content/DoorInteractionKit/Animations/AnimationMontage/AM_OpenDoorL.uasset,15110,8ea172454dc57a238801201d78b8c1e736b54e876c4ea22d1338e9d9e31e0349
Content/DoorInteractionKit/Animations/AnimationMontage/AM_OpenDoorR.uasset,15042,41e32d7c93c2cfdf30df406c3d9f6a85734d9e3d760446fcd591926b198f2cef
Content/DoorInteractionKit/Animations/AnimationMontage/AM_PasswordLockWithNotify.uasset,12044,444c36059fea6b17a6ad5b288c2fe1d52b0b52c0b60898afa27101d282e7ea40
Content/DoorInteractionKit/Animations/AnimationMontage/AM_PasswordLockWithoutNotify.uasset,9357,3b72a3dba03ef63f09d11f484a638a90973529910d960bb36d6eb48dd0e0d8fc
Content/DoorInteractionKit/Animations/AnimationMontage/AM_ShoulderL.uasset,11955,8a130d8f1a8cf0222e6220f6237bc46c00aec20e0d9e0f50f78be6210dc80f55
Content/DoorInteractionKit/Animations/AnimationMontage/AM_ShoulderR.uasset,12018,77ca76642f6ec515ddacdbb2467cee34b789435eb35af909054cceae96aec0d7
Content/DoorInteractionKit/Animations/AnimationSequence/AS_CardLock.uasset,414992,c46972d3c58bb6f12a295bda46d198049496c7231db0f6bfc5946c9a433cd707
Content/DoorInteractionKit/Animations/AnimationSequence/AS_DoubleDoor.uasset,429061,f7f4e08fd1ca9fdfa53e67fd39496f01a977b3c264d316a710eca3089589ec09
Content/DoorInteractionKit/Animations/AnimationSequence/AS_EyeScan.uasset,318879,23cd5f2fb7964d989da8334c383a875484da4f62a0caee8df7983bd9456a85f6
Content/DoorInteractionKit/Animations/AnimationSequence/AS_HandScan.uasset,442211,f98ce592757b65c02f698c3922395c0a54c833ee3294387ac135c63ba367f05f
Content/DoorInteractionKit/Animations/AnimationSequence/AS_Kick.uasset,486007,06a39471d3050201e98ff06fc79d0cb00f96fd943b68ff4ed33b6476b3fd5e4f
Content/DoorInteractionKit/Animations/AnimationSequence/AS_KnokDoor.uasset,354505,ec94bb48052eea054bef01ea9d32619131df9873e06fd39eb7c13095937c4d7b
Content/DoorInteractionKit/Animations/AnimationSequence/AS_LockedDoorL.uasset,318801,ef69eedcc6d4fa11b695efcc0bc73742157d8a4ec78d999f50baf2c6feb6f957
Content/DoorInteractionKit/Animations/AnimationSequence/AS_LockedDoorR.uasset,318948,53ef2755f13572ab316ad3f72f524f64982d4924380c89f1cd00d2202ff5b1ff
Content/DoorInteractionKit/Animations/AnimationSequence/AS_OpenDoorLnew.uasset,439926,6a018c0692a2ea963fe992f76c8b7651115d9fda64506e31270c8025e8354e63
Content/DoorInteractionKit/Animations/AnimationSequence/AS_OpenDoorRnew.uasset,439991,a2279d48b3c014992e0b7ca25f27a364873b4ccdb7b0514305cc466162b910fb
Content/DoorInteractionKit/Animations/AnimationSequence/AS_PasswordLock.uasset,429304,6a17ba389ec668ba4264fea6b08975bab454b06a16894f67678de2db1ab72eea
Content/DoorInteractionKit/Animations/AnimationSequence/AS_ShoulderL.uasset,439923,6a9d2982ae858e70e54bfa38e9a55ffd5a39984a9360eb233fd14705b33da789
Content/DoorInteractionKit/Animations/AnimationSequence/AS_ShoulderR.uasset,439951,f9e9079e9e9a9ddcb748735040c7107e82b1b19e55da66e506caa40def08c161
Content/DoorInteractionKit/Blueprint/ActorComponent/BP_InteractDoor.uasset,1456455,4a3041ae698725e94ace37f1427f8f08addc77072f5bea21fbfd4afde02e89fb
Content/DoorInteractionKit/Blueprint/Blueprint/BP_Dot.uasset,27957,401a5f6590b45b4da82944a3de234cc6b5ecdd4e063aa1bd20b744c398ee7767
Content/DoorInteractionKit/Blueprint/Blueprint/BP_InteractionDoubleDoor.uasset,45208,1190aca767f1484d2ab57d15019946dd80de1dd6efc4b8a7dc8a9eddf1b88176
Content/DoorInteractionKit/Blueprint/Blueprint/BP_InteractionMasterDoor.uasset,1140671,7a754baf53be8f5208bd5cbe49558ea82ab184f43c87cff52d0dc7d017594754
Content/DoorInteractionKit/Blueprint/Enum/BP_AnimationType.uasset,7927,288223b94d08eadddef0b1bb4712d0a8d64826eb36947d4434ab21740d9387df
Content/DoorInteractionKit/Blueprint/Enum/BP_AutomaticDoorType.uasset,2851,7ddd34efae9c901f2056cb4732da822e866393f00ab754dca2761b2ec4b78563
Content/DoorInteractionKit/Blueprint/Enum/BP_ForcedAnimationType.uasset,2493,6fa49422e7fcb54e58bba76458995397657e33070f40dc1ff66610993553fba9
Content/DoorInteractionKit/Blueprint/Enum/BP_ForcedDoorOpenType.uasset,2489,2402d065e2fc8c5b436beb0de46a9eeb9dd3a134506408a22523e8251b6cbdc1
Content/DoorInteractionKit/Blueprint/Enum/BP_HandIKType.uasset,2750,1be67ba9c1ba5b2bb4136824991c8ecc6bb6b473d3c83c3697c1aec4f38de926
Content/DoorInteractionKit/Blueprint/Enum/BP_IKXYZ.uasset,2655,f78e53fe60cb0ab721b175c6046379fddbeb18eeab501a9c94e667fc3cabd11d
Content/DoorInteractionKit/Blueprint/Enum/BP_LockMeshType.uasset,3538,90b7f3871f501299e665685a60ad0cb23b4eaa6332a1a2a839deef744acb76d8
Content/DoorInteractionKit/Blueprint/Interface/BP_IDCharacter.uasset,10734,9a35da3f62a20b2b321d4c4aa64b5e3d382ad121d3e311fb315f77d0e35ba918
Content/DoorInteractionKit/Blueprint/Structure/BP_AutomaticDoorOpenValues.uasset,5752,a51e70aad9662f8b09d50174b4ac96f80ad2977307d061c25dc8a6fbf48dd2cc
Content/DoorInteractionKit/Blueprint/Widget/WBP_KeyInfo.uasset,17850,0d20d0edc484b2adb4143c4f2d82af8c2a7f5986169bc1cd4fcc30a237e4d7c7
Content/DoorInteractionKit/Demo/Characters/Mannequins/Animations/ABP_Manny.uasset,745559,ed5c35e4805d93eca72ea29ca8c4534840e5e574d717910fd0c02106e580e915
Content/DoorInteractionKit/Demo/Characters/Mannequins/Animations/Manny/BS_MM_WalkRun.uasset,9265,4946fba20662513b29eeff16fa51a24f31d93d9af73e9609c6e05eadafd26930
Content/DoorInteractionKit/Demo/Characters/Mannequins/Animations/Manny/MM_Fall_Loop.uasset,659709,ca8e9fce9c96d2bb32d9e100ab978b1665af813345d1308a699dbb1bf3416e40
Content/DoorInteractionKit/Demo/Characters/Mannequins/Animations/Manny/MM_Idle.uasset,876069,169d5871bcca467c5a5dbf4128bc12eaae4b48d5677286016314860663a10506
Content/DoorInteractionKit/Demo/Characters/Mannequins/Animations/Manny/MM_Jump.uasset,252457,f3992dd0360ffdbfc39cde6682a2f53c04563dcb1f742b9d15b32aebeb30c9b0
Content/DoorInteractionKit/Demo/Characters/Mannequins/Animations/Manny/MM_Land.uasset,261830,2e55047b916880a5b0e659c1ef49d07c45d2613d5cf43b0a18705583f3a17500
Content/DoorInteractionKit/Demo/Characters/Mannequins/Animations/Manny/MM_Run_Fwd.uasset,271675,2a2c0e4a4dc86f7ff697a4de6e0d64ea94fc621c16b70ae364e31185a40ca06f
Content/DoorInteractionKit/Demo/Characters/Mannequins/Animations/Manny/MM_Walk_Fwd.uasset,361222,7202526c8a74c9eadd35001ee4572f13c6ed36be2c3b587e7e59e8bc20bb3d69
Content/DoorInteractionKit/Demo/Characters/Mannequins/Animations/Manny/MM_Walk_InPlace.uasset,570864,e2f1d3d250086dde53a2bcf98ced4468fb3fb4c00e8f7c92c5792a9551a54c9e
Content/DoorInteractionKit/Demo/Characters/Mannequins/Materials/Functions/CA_Mannequin.uasset,5016,ad7100d5ce4ba41368a7b66a2a9cae583a8d437a1b699a63ef927c87f8dcccdb
Content/DoorInteractionKit/Demo/Characters/Mannequins/Materials/Functions/ChromaticCurve.uasset,6467,58a1caab86cf4811d7274c235a57de4f614316bd07d9ea99118bd1e80da2fd59
Content/DoorInteractionKit/Demo/Characters/Mannequins/Materials/Functions/MF_Diffraction.uasset,32123,10d6b34d198922be4012173187996f3cfadb2a4ba0e1132563b535d1147b4d4a
Content/DoorInteractionKit/Demo/Characters/Mannequins/Materials/Functions/MF_logo3layers.uasset,56063,164de79edfd8707169c88b11989d26f80099077ef83a7ef693091f07de31b7ab
Content/DoorInteractionKit/Demo/Characters/Mannequins/Materials/Functions/ML_BaseColorFallOff.uasset,13771,e4e9532bfbbc5c2b3791c34bf8f6075b271a52f2c128d8beac817bdbab99151c
Content/DoorInteractionKit/Demo/Characters/Mannequins/Materials/Instances/Manny/MI_Manny_01.uasset,21709,7c893c8bf0ce668aeef9c8cd6827070d6f07728df85b98f41589772bab7159bd
Content/DoorInteractionKit/Demo/Characters/Mannequins/Materials/Instances/Manny/MI_Manny_02.uasset,20901,3cb28219795d6dbc28c7404a99175af32b3d3d9172554cb7cabf614f8e05cec6
Content/DoorInteractionKit/Demo/Characters/Mannequins/Materials/M_Mannequin.uasset,83768,31b9de7b04a96e6890c8b2396820bb3d4c9ea384eae5913782517fa41d08845c
Content/DoorInteractionKit/Demo/Characters/Mannequins/Meshes/SK_Mannequin.uasset,187891,ea9dda55615aba2877447acca0385f6fd3d6424e8b2f6986ad0236a24d7e4bcc
Content/DoorInteractionKit/Demo/Characters/Mannequins/Meshes/SKM_Manny.uasset,34536401,c8ebf4595d796d01663f6fdaab0bdfb49b98fd0c818d356eb8f4fecf8529f1f2
Content/DoorInteractionKit/Demo/Characters/Mannequins/Meshes/SKM_Manny_Simple.uasset,18527580,700e69e5c9781f44c48208264d10923cd36356357e1b3e3c890842d81d3cf026
Content/DoorInteractionKit/Demo/Characters/Mannequins/Rigs/ABP_Manny_PostProcess.uasset,462948,356936565aa810e3e5d4c96ac8aea04208f5da4dfbf60525d4ccac3eb409fa9d
Content/DoorInteractionKit/Demo/Characters/Mannequins/Rigs/CR_Mannequin_BasicFootIK.uasset,570122,14f1233031075a4e4768cf04f173793c985b7161773b692548a6f955297c6f0b
Content/DoorInteractionKit/Demo/Characters/Mannequins/Rigs/CR_Mannequin_Body.uasset,18506575,ac42e389cd8de6a58110b53be86407395293ecb66f69a3128082152fe11f3f9d
Content/DoorInteractionKit/Demo/Characters/Mannequins/Rigs/CR_Mannequin_Procedural.uasset,2580207,ed6672aa02c719b040356fb6d186c0ec1276e8666cdf3e55b75438aaca81da15
Content/DoorInteractionKit/Demo/Characters/Mannequins/Rigs/PA_Mannequin.uasset,289381,e96e71c539d5d907c80ac277972b25af478326afa3a81e834024e02a2765b39a
Content/DoorInteractionKit/Demo/Characters/Mannequins/Rigs/Poses/Manny/Manny_calf_l_pose.uasset,241624,e8f829d02d4ca2a0eba86b7e3335ef398fec48d311a8ebadffd21eb751ce5c28
Content/DoorInteractionKit/Demo/Characters/Mannequins/Rigs/Poses/Manny/Manny_calf_r_pose.uasset,241624,f558621dd285d42b8457cb58348a3f9d910eb3d1ba6bc4287180b6915f4bdc00
Content/DoorInteractionKit/Demo/Characters/Mannequins/Rigs/Poses/Manny/Manny_clavicle_l_pose.uasset,239918,63d92910ce935ac9fa9c918d6596799a4daabaad39e3c6083376911908161f45
Content/DoorInteractionKit/Demo/Characters/Mannequins/Rigs/Poses/Manny/Manny_clavicle_r_pose.uasset,240520,033e77134af1bfa629a79593936e84f1d24a79133a20948d4b4e9aca958f89ce
Content/DoorInteractionKit/Demo/Characters/Mannequins/Rigs/Poses/Manny/Manny_foot_l_pose.uasset,166438,153df30d2929a4269f8c20cf7a8ac6e2109a5ff7cbdd8610c36eb696d0af1e2a
Content/DoorInteractionKit/Demo/Characters/Mannequins/Rigs/Poses/Manny/Manny_foot_r_pose.uasset,166438,fdc3c9bdeb467522531f92ab17fd4174410133e72ff9fb6c15ceb4fc32d0c70d
Content/DoorInteractionKit/Demo/Characters/Mannequins/Rigs/Poses/Manny/Manny_hand_l_pose.uasset,203434,f75ac0390225f6813630b8ff3be3bbe5cbb3431dcff84eac685fa8693364f329
Content/DoorInteractionKit/Demo/Characters/Mannequins/Rigs/Poses/Manny/Manny_hand_r_pose.uasset,203434,0e9b0c0d4a227dc18a3a77f3f7b7b9ef89a047e0bacffc21140de01b2e5cf310
Content/DoorInteractionKit/Demo/Characters/Mannequins/Rigs/Poses/Manny/Manny_lowerarm_l_pose.uasset,395694,ebc1c6b0df3f8c3fe489c1a2162413461095f9e77e27bb1608465a73e5fa955a
Content/DoorInteractionKit/Demo/Characters/Mannequins/Rigs/Poses/Manny/Manny_lowerarm_r_pose.uasset,395694,720fecc22a902f82a6ac7edf6f4bc5c5c63c6edd050450f2590c78482596653b
Content/DoorInteractionKit/Demo/Characters/Mannequins/Rigs/Poses/Manny/Manny_thigh_l_pose.uasset,591858,bf46893dfb5c018e7c4633fb020b32a516d57c19a0a1e22bcc95b88472a8dce4
Content/DoorInteractionKit/Demo/Characters/Mannequins/Rigs/Poses/Manny/Manny_thigh_r_pose.uasset,591858,743b9e5c52c7794bba2d9f093cac910530a64ce082e8900b175f6df74050e6a5
Content/DoorInteractionKit/Demo/Characters/Mannequins/Rigs/Poses/Manny/Manny_upperarm_l_pose.uasset,675445,c572bfe9d0cc1c01d5bb15ffc863a6ee82b422221b1f32445a6b780a4066d197
Content/DoorInteractionKit/Demo/Characters/Mannequins/Rigs/Poses/Manny/Manny_upperarm_r_pose.uasset,664007,c089f8aca92e440b9808496d56460fe8f0fdd44bc25ad74dd73448f84477525f
Content/DoorInteractionKit/Demo/Characters/Mannequins/Textures/Manny/T_Manny_01_ASAOPMASK_MSK.uasset,3608558,5b2bf21751862173ccc3f9186432f9fac1225a12cee7518d9be56edc96dc979e
Content/DoorInteractionKit/Demo/Characters/Mannequins/Textures/Manny/T_Manny_01_BN.uasset,18511173,048e95a0788563289b0fc43322aae6a9da43fc43f08c5892d37c4649bcffd04b
Content/DoorInteractionKit/Demo/Characters/Mannequins/Textures/Manny/T_Manny_01_CCRCCPlastic_MSK.uasset,10267860,9d0261b4e1e61af7d0c9bdc6f7cf2ac03427c5bcaa9a147dbec444f3d8080fa3
Content/DoorInteractionKit/Demo/Characters/Mannequins/Textures/Manny/T_Manny_01_D.uasset,5736791,c1b1bb87ef108dd33e1eb427eae1d48aef9f133a6fefe31a6c321cb32e46605e
Content/DoorInteractionKit/Demo/Characters/Mannequins/Textures/Manny/T_Manny_01_MSR_MSK.uasset,11035166,ee8c000ae8f3180a58e906f7a1e97bd1c8c5d423b7ce6457a5ce83354e4fcde1
Content/DoorInteractionKit/Demo/Characters/Mannequins/Textures/Manny/T_Manny_01_N.uasset,7198378,9bedfd8057add530f93e5cb929e0e4bc055bffe0e6dd0c046f4c2611194ba8a9
Content/DoorInteractionKit/Demo/Characters/Mannequins/Textures/Manny/T_Manny_01_Tan.uasset,1356917,fce6cd467fd7659837d07f262931ebfe146fdde5df0fc3cb9fb86c7278209a99
Content/DoorInteractionKit/Demo/Characters/Mannequins/Textures/Manny/T_Manny_02_ASAOPMASK_MSK.uasset,8336271,95c60e52518d3dd62089197af4b1134184ecc32d21cb00135d439ad773c7fe3c
Content/DoorInteractionKit/Demo/Characters/Mannequins/Textures/Manny/T_Manny_02_BN.uasset,21135865,20c69a81bcb040506a3e11bf3a29b12ff313e4f3da6c32bf857dea59e2b56163
Content/DoorInteractionKit/Demo/Characters/Mannequins/Textures/Manny/T_Manny_02_CCRCCPlastic_MSK.uasset,13137568,e1bdc738776cb540380cc1913a9cb00202f47eaa3822b58bfae7097e99ff8899
Content/DoorInteractionKit/Demo/Characters/Mannequins/Textures/Manny/T_Manny_02_D.uasset,9028813,053d24b04bf03c672182a6e5221a2d1ac01b9db0eec7dc4064e47f3a97a2e362
Content/DoorInteractionKit/Demo/Characters/Mannequins/Textures/Manny/T_Manny_02_MSR_MSK.uasset,13673433,8898b86cc307c3663d4f924e9c656a4a93c289bc5f02036e8b604ad93e682f7b
Content/DoorInteractionKit/Demo/Characters/Mannequins/Textures/Manny/T_Manny_02_N.uasset,7269463,21196b286e302fbef08fdf1ec15f1860f84ee86e671137e8814c4d363c41fbf1
Content/DoorInteractionKit/Demo/Characters/Mannequins/Textures/Manny/T_Manny_02_Tan.uasset,2151605,753b31db0e1ba7d0a7ab5009d862d7a48faf78679ce53a173cdf5b31c0691c68
Content/DoorInteractionKit/Demo/Characters/Mannequins/Textures/Shared/T_UE_Logo_M.uasset,70086,54bb2f22c6019df5b00ccf7e5a9e06312b775582ee7c50e48af41ee7d5f598f9
Content/DoorInteractionKit/Demo/ThirdPerson/Blueprints/BP_ThirdPersonCharacter.uasset,220749,ee864ef24dfe7a899d0013677d56349cb78f525fb526247ea134783e254ff925
Content/DoorInteractionKit/Demo/ThirdPerson/Blueprints/BP_ThirdPersonGameMode.uasset,13629,b8cf84dcd745e14eeb9b54515d3dad178792eda93c1b876ed17cdadf5f94aa6b
Content/DoorInteractionKit/Demo/ThirdPerson/Input/Actions/IA_Jump.uasset,1398,9e8dfab8e9e8e5671e58dc9ecf20b244935acd76262d2eaeeae1bba41f78bc3c
Content/DoorInteractionKit/Demo/ThirdPerson/Input/Actions/IA_Look.uasset,1545,ca79579b308e4ec717307c20141ed01f9a01cd52852dd47497669096984c7033
Content/DoorInteractionKit/Demo/ThirdPerson/Input/Actions/IA_Move.uasset,1545,2260d28a18dd46e3d8376245e1eb29ac52c40e90228c7e1d302a3bd76978ada4
Content/DoorInteractionKit/Demo/ThirdPerson/Input/IMC_Default.uasset,13177,91127b08f69c95ad0ac9fc85483a01b977e9c6c74c9730c7ccb62c1ecfb092c9
Content/DoorInteractionKit/Mesh_Material_Texture/Material/M_Material.uasset,19009,26360eeef2aa5f86cf7d6885dd3550fecd3cf280bdcca0a0d60efbef897d2b5e
Content/DoorInteractionKit/Mesh_Material_Texture/Material/MI_CardLock.uasset,14559,4a8446e89dfc61582b14ec6f19181ae4766aa252f7c2b223bf635a42d4861d47
Content/DoorInteractionKit/Mesh_Material_Texture/Material/MI_DobuleDoorFrame.uasset,16262,a6708a548a522337fb078828681439681fd187ac5dbd573b7c56705608222b69
Content/DoorInteractionKit/Mesh_Material_Texture/Material/MI_DobuleDoorLeft.uasset,12532,84e70b4150c47955774721af5e8cebf6e55e46d6a25d41c844fd235341bedc2b
Content/DoorInteractionKit/Mesh_Material_Texture/Material/MI_DobuleDoorRight.uasset,12809,13c915a8e228d2ec9b5cc942ce569242708fe8dc8233bbaed5b2283da4e4feb6
Content/DoorInteractionKit/Mesh_Material_Texture/Material/MI_Door.uasset,14548,43e169c0b55562767a56c93510a12354718c99c01cbeede4ac3bfe4b9cb1b7c6
Content/DoorInteractionKit/Mesh_Material_Texture/Material/MI_DoorFrame.uasset,15278,73efaced959382ec421fd2505d28fdf5d16ced81e23bb3b1ab9cbff9717eec2c
Content/DoorInteractionKit/Mesh_Material_Texture/Material/MI_EyeScanLock.uasset,16311,fb5f3939ce764680da1c1ca9a84047cced5614a188c063bb94ad0e1e56477ec9
Content/DoorInteractionKit/Mesh_Material_Texture/Material/MI_HandSensorLock.uasset,15155,335e29a477cf550793868ea1bdbe23d97d9a7f5a21440d1a319177be7ed7e89e
Content/DoorInteractionKit/Mesh_Material_Texture/Material/MI_PasswordLock.uasset,15614,60cbc8560053aff1104061cdd80f46e0e71f4b215cf03e264c03cb7a0a5e93b7
Content/DoorInteractionKit/Mesh_Material_Texture/Mesh/SM_CardLock.uasset,21674,1f7e8df016a22698af51f1b61186774f9142426c66e85c1b063656a4f63252c8
Content/DoorInteractionKit/Mesh_Material_Texture/Mesh/SM_Door.uasset,78170,e684bfb370c515a30dc170890321a74e14b60c1688cdf3fd0589e5e9e8732f82
Content/DoorInteractionKit/Mesh_Material_Texture/Mesh/SM_DoorFrame.uasset,18918,91609b02245a0184b213bc215626181102f08226c095267212eb4d0f289c61c6
Content/DoorInteractionKit/Mesh_Material_Texture/Mesh/SM_DoubleDoorFrame.uasset,20470,60a445dea6655545aad26c82aba45fb6b89949a1e1aed7f25204c53a3fe56953
Content/DoorInteractionKit/Mesh_Material_Texture/Mesh/SM_DoubleDoorLeft.uasset,18731,1f18515fecf95a3b8d291ad8350b913ffe8663c0d1aae7a14931c75cd6ce8eb5
Content/DoorInteractionKit/Mesh_Material_Texture/Mesh/SM_DoubleDoorRight.uasset,18431,4d75887837d6a58653fe8a6ca3802bc858782c44c21d5fb99e47be58df2fbe97
Content/DoorInteractionKit/Mesh_Material_Texture/Mesh/SM_EyeScanLock.uasset,22682,e8c334d40cf9a4eaedd68b2c9bae04e8b24581be72f8792b59cf874c94fe9b0a
Content/DoorInteractionKit/Mesh_Material_Texture/Mesh/SM_HandSensorLock.uasset,19945,5d984a905bc718d960c1e209b1bf934ce173970e1886d084f6175dc80084ffd6
Content/DoorInteractionKit/Mesh_Material_Texture/Mesh/SM_PasswordLock.uasset,23446,7fcb35d458bf512a3d256381337cb44a535657db346e93393d9540031c5d3d0a
Content/DoorInteractionKit/Mesh_Material_Texture/Texture/T_Black.uasset,10049,ef2f2ca718d6548b216eb554f157420c94a0cffcd55e4c3aabc8738f4992b844
Content/DoorInteractionKit/Mesh_Material_Texture/Texture/T_CardLock_BaseColor.uasset,4880370,98758a2dafe4482dec8da81634eb1c6b3e66e5e8021498f540eaf3df95fb05f7
Content/DoorInteractionKit/Mesh_Material_Texture/Texture/T_CardLock_Emissive.uasset,279148,101dcdb80f63c5f976b881466323b775acceff3c1475958d469f3db959bdb80c
Content/DoorInteractionKit/Mesh_Material_Texture/Texture/T_CardLock_Normal.uasset,3363131,c8ebcdbd1d94648716fe66f9c67f8b830ced8261281e1330cc615eb18167c040
Content/DoorInteractionKit/Mesh_Material_Texture/Texture/T_CardLock_OcclusionRoughnessMetallic.uasset,4789432,8f522c129afac42d18cb6d614a7d2b5a5d738da704958b6b569009e9ceb3c892
Content/DoorInteractionKit/Mesh_Material_Texture/Texture/T_Door_BaseColor.uasset,3793501,c692b51fc0ff1726e30831ed92c3884d01673d37af0066266d85419661055645
Content/DoorInteractionKit/Mesh_Material_Texture/Texture/T_Door_Normal.uasset,7152980,a0c50c94ca55530f6283d948ca5d242ac604cf8d4390223f3367f0da5516a81a
Content/DoorInteractionKit/Mesh_Material_Texture/Texture/T_Door_OcclusionRoughnessMetallic.uasset,4187038,cba611eeb5087635f5a28d83cc3b0968de29bfab96bdc9568595152bc41aa1a1
Content/DoorInteractionKit/Mesh_Material_Texture/Texture/T_DoorFrame_BaseColor.uasset,2300732,6fb7974e0daa51298b23301f6e3fa22714c09f310b1a12a716376b73ee1851c8
Content/DoorInteractionKit/Mesh_Material_Texture/Texture/T_DoorFrame_Normal.uasset,5368357,3317801841df4ae480654cc34d0f788b5ddc462c72406c4f05d7e5881b94682c
Content/DoorInteractionKit/Mesh_Material_Texture/Texture/T_DoorFrame_OcclusionRoughnessMetallic.uasset,3696936,d3d38a8de597bd4e8dfc11cbfce5aef745d51fbf860b396e7b8c8f23de791431
Content/DoorInteractionKit/Mesh_Material_Texture/Texture/T_DoubleDoorFrame_BaseColor.uasset,2827381,a5a04d6a485450b2c00199a6eb4d7c958e555e3a9e0c58c6979d0f4a7a43f718
Content/DoorInteractionKit/Mesh_Material_Texture/Texture/T_DoubleDoorFrame_Normal.uasset,5720609,c86881a247781c763c65728cbe30c0a907357ec37817d5058377e4a0f701674d
Content/DoorInteractionKit/Mesh_Material_Texture/Texture/T_DoubleDoorFrame_OcclusionRoughnessMetallic.uasset,3192826,5dd2183d99ca001a53546b8b607d370198d0ede31aedfd56c94dc6fce80520f5
Content/DoorInteractionKit/Mesh_Material_Texture/Texture/T_DoubleDoorLeft_BaseColor.uasset,2749736,00d296b81e813e62b9ac7b6b822892551e4c1a14f07fb185bbdfe32ff4ab296b
Content/DoorInteractionKit/Mesh_Material_Texture/Texture/T_DoubleDoorLeft_Normal.uasset,10530726,94777fac63477ccf1b988d17db253e350bd397e1738724e3b62614ecc17b059f
Content/DoorInteractionKit/Mesh_Material_Texture/Texture/T_DoubleDoorLeft_OcclusionRoughnessMetallic.uasset,2287094,86df64098d2a152dbb3e60f4d9b8f869b862e979c8de89c35da6a486399402ee
Content/DoorInteractionKit/Mesh_Material_Texture/Texture/T_DoubleDoorRight_BaseColor.uasset,2748512,34f5c462b6534f12496e231c59a40e8fc0fb9da21780c5b03dcb91b522730be1
Content/DoorInteractionKit/Mesh_Material_Texture/Texture/T_DoubleDoorRight_Normal.uasset,10521189,07595fb009ddc7d6049a9efa202ebb6c80225135f194e294fccf2c9bb088e932
Content/DoorInteractionKit/Mesh_Material_Texture/Texture/T_DoubleDoorRight_OcclusionRoughnessMetallic.uasset,2293524,5a18e3a1bf091bf7c207106deeec0002be9f8062405173bd86fba8e476e0084e
Content/DoorInteractionKit/Mesh_Material_Texture/Texture/T_EyeScanLock_BaseColor.uasset,5317033,12853caf28a1e74cfa40770b6f15762b7d46d25553be2933b22591b90ca8acf0
Content/DoorInteractionKit/Mesh_Material_Texture/Texture/T_EyeScanLock_Emissive.uasset,299825,d66913500a654d11359376412430626f2afe7d8b485c3614a913314479bba4cb
Content/DoorInteractionKit/Mesh_Material_Texture/Texture/T_EyeScanLock_Normal.uasset,6716443,6b2cd2dfb36455fc6454a389562e87b112718bbdb7c9504af516b055db2d74f7
Content/DoorInteractionKit/Mesh_Material_Texture/Texture/T_EyeScanLock_OcclusionRoughnessMetallic.uasset,5651580,06a4c7c53346157291e60e11d687aefe8d65837048f38ba18ea906a81a4158a5
Content/DoorInteractionKit/Mesh_Material_Texture/Texture/T_HandSensorLock_BaseColor.uasset,4948540,64e9324f846fe67aa60e3ac3bc4be0393cf18b1c535f060751a853d8a3b9d4e1
Content/DoorInteractionKit/Mesh_Material_Texture/Texture/T_HandSensorLock_Normal.uasset,5850516,ffd3174b4641fbfa1ba0167c01c709d533e4debe1b72dbd7facfdb5379126b50
Content/DoorInteractionKit/Mesh_Material_Texture/Texture/T_HandSensorLock_OcclusionRoughnessMetallic.uasset,5178149,3d8dc69705dee7be3c0e0a0857c54b39769ff6ce38c469aa3cbb7a09345cdfec
Content/DoorInteractionKit/Mesh_Material_Texture/Texture/T_PasswordLock_BaseColor.uasset,3979184,4eeb0aa0476b9b4ea249cb4f7b7b3be555d77c03feec50a7e9ae33f10a63d164
Content/DoorInteractionKit/Mesh_Material_Texture/Texture/T_PasswordLock_Normal.uasset,7143772,f6e745b3dc952e80065a8661502abc910625048c821f3e720e00fae6fdb2f8aa
Content/DoorInteractionKit/Mesh_Material_Texture/Texture/T_PasswordLock_OcclusionRoughnessMetallic.uasset,5182058,427b8653cc47e9daad221136de13354fe1b89583877e3ad4df4df6e0521f7c3f
Content/DSH_交互/V41_监控室接入/Meshes/4F_Monitor_Console/SM_M40_ConsoleBase_0.uasset,35812,935fef290b0e6f3a57c6b4ad37b84ff4ad8817db61d8b20fcd7867a7811f163a
Content/DSH_交互/V41_监控室接入/Meshes/4F_Monitor_Console/SM_M40_ConsoleBase_1.uasset,35812,da7381e48878997be4cf42488f170f531786b6bea7cc155d94c1d24212cf3530
Content/DSH_交互/V41_监控室接入/Meshes/4F_Monitor_Console/SM_M40_ConsoleBase_2.uasset,35812,5ddf62b419904cd35723c9043977c61e0573718ee98d4bc3413c3a69e6632154
Content/DSH_交互/V41_监控室接入/Meshes/4F_Monitor_Console/SM_M40_ConsoleBase_3.uasset,35812,04e8b76976f6a8a9f9cc3c4a18a011fdb700e26618a463ffe99541571fda0765
Content/DSH_交互/V41_监控室接入/Meshes/4F_Monitor_Console/SM_M40_ConsoleSlopedTop.uasset,16902,a22fd5a7fe915409330e8f9b075323c96a653ee2a1653fccc2e91639620b6854
Content/DSH_交互/V41_监控室接入/Meshes/4F_Monitor_Console/SM_M40_ControlPad_1.uasset,22111,58e77cf56e1ed183144cce3dae04c0aba2ec573eda7f60ea7735d0c206d0ee4c
Content/DSH_交互/V41_监控室接入/Meshes/4F_Monitor_Console/SM_M40_ControlPad_2.uasset,22111,1281abfd3bb9f7aaad6ab9380e11462adb1ae8f7deece7652f31d89374da88e4
Content/DSH_交互/V41_监控室接入/Meshes/4F_Monitor_Console/SM_M40_ControlPad_3.uasset,22111,fb3245b07e268e74280e407c82c4af7eebd905e34eb11dc069c4bce5f8e821c1
Content/DSH_交互/V41_监控室接入/Meshes/4F_Monitor_Console/SM_M40_ControlPad_4.uasset,22111,3e3a08fc74691b3475b46b44d6ffc122e710313f882942dfb7fee3daae642974
Content/DSH_交互/V41_监控室接入/Meshes/4F_Monitor_Controls/SM_M40_Button1.uasset,21556,9fb313c5dab7cb937fb283a761f79be26d9124d331eae1f65a96a68dd81ae125
Content/DSH_交互/V41_监控室接入/Meshes/4F_Monitor_Controls/SM_M40_Button2.uasset,21556,51551ec277f347684c9c8d7629ea3f1c2e9eeea834c701d5243412b3a6ab8fb9
Content/DSH_交互/V41_监控室接入/Meshes/4F_Monitor_Controls/SM_M40_Button3.uasset,21556,263a0d235cdeb1634b2384114f0e641ab17bee5e6078e5a0f30c6af59fcf4a70
Content/DSH_交互/V41_监控室接入/Meshes/4F_Monitor_Controls/SM_M40_Button4.uasset,21556,debb26654ebb101abd316ee04fccdef4e4e9f0d2adf7ee664b0026494fc1e728
Content/DSH_交互/V41_监控室接入/Meshes/4F_Monitor_Doors/SM_M40_DoorLeaf_L.uasset,32440,a7fb592a223a494700a891768a494560dd191957605337f5a02b22e9ebd2acc3
Content/DSH_交互/V41_监控室接入/Meshes/4F_Monitor_Doors/SM_M40_DoorLeaf_R.uasset,32351,4e450dde300a649980e5cf0eb72c7cf53dbc077ad407f822a034894b16ee9c8e
Content/DSH_交互/V41_监控室接入/Meshes/4F_Monitor_Fixtures/SM_M40_CeilingRaft_0.uasset,40896,0b69941b8f21860cbf7f27161c9007c6d84482886dd73bd4ef10005258ebdf97
Content/DSH_交互/V41_监控室接入/Meshes/4F_Monitor_Fixtures/SM_M40_CeilingRaft_1.uasset,32195,1c27c7336ac4e03d8fbfe37ce343989ac28912743e16acb493a710f4795b6da7
Content/DSH_交互/V41_监控室接入/Meshes/4F_Monitor_Fixtures/SM_M40_WorkLightFixture_0.uasset,21141,86e5a96420ab75846011a4eb9576de295325b99496343fce76e22268b43a56ca
Content/DSH_交互/V41_监控室接入/Meshes/4F_Monitor_Fixtures/SM_M40_WorkLightFixture_1.uasset,21141,0754b333d4c7d6a64d6fe771b16341cba53a7df6fbc709a4c91c8f15fe3f32c5
Content/DSH_交互/V41_监控室接入/Meshes/4F_Monitor_Fixtures/SM_M40_WorkLightFixture_2.uasset,21141,5d2a6bcb2fc5257fa242522bca9289eab086ca0a0a08a82a563f3e6005b2b13c
Content/DSH_交互/V41_监控室接入/Meshes/4F_Monitor_Fixtures/SM_M40_WorkLightFixture_3.uasset,21141,c5edc4f7c24f9d8359f4b889cedfc3c610fd12d06cdcad4e29b23874346f36cc
Content/DSH_交互/V41_监控室接入/Meshes/4F_Monitor_Furniture/SM_M33_Archive.uasset,85365,a95082a7943fc8b5a0ca0b278efd2db24982942aaba774fad632dc9e54e8fe36
Content/DSH_交互/V41_监控室接入/Meshes/4F_Monitor_Furniture/SM_M33_ChangingBench.uasset,26840,b012c5637efa4a630b7f3646aed3fe9336e7f835c2b4b5683fc5f39d81286d09
Content/DSH_交互/V41_监控室接入/Meshes/4F_Monitor_Furniture/SM_M33_Cups.uasset,20280,c8535512519b555ddae6acc809f1df08568c8942fce0e0b1bbb24b6abd72e687
Content/DSH_交互/V41_监控室接入/Meshes/4F_Monitor_Furniture/SM_M33_DutyChair_0.uasset,27928,e2b649121c3d1ba456fa878b0c3c96f3b4d6237b4ff23c795a5e22e8d6a84a12
Content/DSH_交互/V41_监控室接入/Meshes/4F_Monitor_Furniture/SM_M33_DutyChair_1.uasset,27928,2405d34d58ce5a0cf7fde05c8de16ffe0e8c7da3d316471f7668c8dbe0e08976
Content/DSH_交互/V41_监控室接入/Meshes/4F_Monitor_Furniture/SM_M33_DutyDesk.uasset,29659,e02856e2ebd415daf80aec51eaa4bc1cd2f947d4cc47419f3e50f9573218b884
Content/DSH_交互/V41_监控室接入/Meshes/4F_Monitor_Furniture/SM_M33_Extinguisher.uasset,22488,1fb295aac049d915827e421feb5233acf7ac0705271eb673b88aaec4115d8c75
Content/DSH_交互/V41_监控室接入/Meshes/4F_Monitor_Furniture/SM_M33_FirstAidCabinet.uasset,22082,3d3f47a0c5e75704d13d6b1f5e329e16bde7f4c9639780d7eca486f7bee89a2b
Content/DSH_交互/V41_监控室接入/Meshes/4F_Monitor_Furniture/SM_M33_FormsCabinet.uasset,29718,3fb5536456690bf91efecd603f077f8ffef4f3b60cbf90d2651859a6a0870b27
Content/DSH_交互/V41_监控室接入/Meshes/4F_Monitor_Furniture/SM_M33_HandoverChair.uasset,29332,989d9b78c03952106c8886f0723a5ccb0f8eddd0a9d04ff7d4c54eb5b13b55e5
Content/DSH_交互/V41_监控室接入/Meshes/4F_Monitor_Furniture/SM_M33_HandoverFiles.uasset,19650,28a6e01ac2129b8b364693f6be78858c66f97496318205c9ce4facf3ee07b2cc
Content/DSH_交互/V41_监控室接入/Meshes/4F_Monitor_Furniture/SM_M33_HandoverSofa.uasset,33255,3c3083995c5075eff811840d0a6efdee0b4b845d10c929d8b16143c47b94fc0c
Content/DSH_交互/V41_监控室接入/Meshes/4F_Monitor_Furniture/SM_M33_HandoverTable.uasset,28170,02a0892fe397bfdc1e11375fd8bd9dd78a5f0db671a64e12172979e34b2e4472
Content/DSH_交互/V41_监控室接入/Meshes/4F_Monitor_Furniture/SM_M33_Logbook_0.uasset,19405,ff6f2dbd7b81e76ee10b14ee3ca79b85e01f89d3499319fa8530f562843a4403
Content/DSH_交互/V41_监控室接入/Meshes/4F_Monitor_Furniture/SM_M33_Logbook_1.uasset,19405,3663eb95c5f8a5954464b869e629209f44c7261836a67ff08fee188dcd70383f
Content/DSH_交互/V41_监控室接入/Meshes/4F_Monitor_Furniture/SM_M33_MaintenanceBench.uasset,29865,af4fd58cd6310dab41bb2b39d31690c991346058f90a41b6bdc1d7b0b9873ed8
Content/DSH_交互/V41_监控室接入/Meshes/4F_Monitor_Furniture/SM_M33_RecorderRack_00.uasset,84137,04160d3bb68f14dfb404ae89d8e113e13e01fab97b8bd1498b57c1191e2c7967
Content/DSH_交互/V41_监控室接入/Meshes/4F_Monitor_Furniture/SM_M33_RecorderRack_01.uasset,84137,b7ca99efc7acb7d98fc2b66c1eb7d2ff6839fb67db0fee547743341052b43e8f
Content/DSH_交互/V41_监控室接入/Meshes/4F_Monitor_Furniture/SM_M33_RecorderRack_02.uasset,84137,e6301e7476ae8f473d5d506c1f478c34a3aafdca82b80bd560309e3afc5d281d
Content/DSH_交互/V41_监控室接入/Meshes/4F_Monitor_Furniture/SM_M33_ShiftBoard.uasset,22858,c7cdcfac7de5799a7dd6337f0bdcd885c5002bd714a0efaf721ecbae41a0fb9e
Content/DSH_交互/V41_监控室接入/Meshes/4F_Monitor_Furniture/SM_M33_StaffLockers.uasset,60281,2ef66a5a849f5935a7a72103a479f79e146be06357a001091775f06c5541fac0
Content/DSH_交互/V41_监控室接入/Meshes/4F_Monitor_Furniture/SM_M33_Telephone_0.uasset,31041,c27a6b1629622ce9a27d0f6848ccfae8ef08117ff3913ee3c2e0b035521b2057
Content/DSH_交互/V41_监控室接入/Meshes/4F_Monitor_Furniture/SM_M33_Telephone_1.uasset,31041,aff747d759439d2016cc7349a7cf9136302bd68aa675a721b88c984df3708169
Content/DSH_交互/V41_监控室接入/Meshes/4F_Monitor_Furniture/SM_M33_Toolbox.uasset,19491,01a1d02b83032954c8c0a9d7ec1f4604df2ef7dc4bed13ed1522393693c2f2f2
Content/DSH_交互/V41_监控室接入/Meshes/4F_Monitor_Furniture/SM_M33_ToolCabinet.uasset,36874,0e38dbb5e21856b2098d55be44d163423233aa20dc33c3ec73bd2ee93f37834e
Content/DSH_交互/V41_监控室接入/Meshes/4F_Monitor_Furniture/SM_M33_UPS.uasset,35417,3b4d53e58e7d8ee6c8e3d48ef27a5fbe1a78910e1cf98600750b22dde9f275df
Content/DSH_交互/V41_监控室接入/Meshes/4F_Monitor_Furniture/SM_M33_WallClock.uasset,22004,2af9323fef26a6679aaa4196617a472bb22b37387bc5119a8f9c8bba5fe1dc94
Content/DSH_交互/V41_监控室接入/Meshes/4F_Monitor_Furniture/SM_M33_WaterBoiler.uasset,20476,df95c34d6906239f7c3aead6ebcfe652d32e21f5baa14c2019628021e118b9f2
Content/DSH_交互/V41_监控室接入/Meshes/4F_Monitor_Furniture/SM_M33_WaterCabinet.uasset,30884,f782b3891e49e6b97bbdee5c675c76d539b32d4f351a558ce97f6a5c38e9914f
Content/DSH_交互/V41_监控室接入/Meshes/4F_Monitor_Screens/SM_M40_Screen1.uasset,16925,c3702e094d055bdac7fcb5d184e7baaf1c73735bb413ace7ddcd6c36a31d75cd
Content/DSH_交互/V41_监控室接入/Meshes/4F_Monitor_Screens/SM_M40_Screen2.uasset,16873,4bc1f3b6c4b801b3cb96f7a9171b80ff647b726fda55b6b8386a0c7ef153d183
Content/DSH_交互/V41_监控室接入/Meshes/4F_Monitor_Screens/SM_M40_Screen3.uasset,16873,ee41ddbd0b10287db6ba40dff72bb75139190ea45720e61a31fd57acde19ce4d
Content/DSH_交互/V41_监控室接入/Meshes/4F_Monitor_Structure/SM_M40_ContinuousWallShell.uasset,20440,2b858f81f88d86f93044eb74807ec7cdd0db6041b24c95c149a73b257fc1164a
Content/DSH_交互/V41_监控室接入/Meshes/4F_Monitor_Structure/SM_M40_DoubleDoorFrame.uasset,20120,659692cf3711a513edec5ef98557bb94b3e9711e844c55a7dc4c3d68006cf002
Content/DSH_交互/V41_监控室接入/Meshes/4F_Monitor_Structure/SM_M40_FloorSlab.uasset,16859,01f7cf1cb18aea8a5c80324c41d45c7b86bea42969d3ffdd3d576e6385bfcc94
Content/DSH_交互/V41_监控室接入/Meshes/4F_Monitor_Structure/SM_M40_RoofSlab.uasset,17692,3b01adc2cfe8850f02ef5819441452707e622301b561e3a44b198891f001f8fd
Content/DSH_交互/V41_监控室接入/Meshes/4F_Monitor_Structure/SM_MonitorEntranceApron.uasset,18638,f98143edd3ee08f3852c61308d6d1b2267bed6b057960960dede785e8a39887a
Content/DSH_交互/V42_翻板按钮交互/Runtime/Blueprints/BP_FlipPanelControl.uasset,149058,19bc6cf967b6a7c3b693974513bbba9858307eff6baa1371a3d7fe23a42ba1bd
Content/DSH_交互/V42_翻板按钮交互/Runtime/Blueprints/BP_MonitorFlipDirector.uasset,958530,fb147ed13133f3ae901cd567a6c8f8c4862e644984096b0e61c2d98646cdc084
Content/DSH_交互/V42_翻板按钮交互/Runtime/Meshes/SM_Panel1_Assembly.uasset,81619,f7b1d326bbbfec164e08a9d4f36afdc8db26ef602122009b6a353cd8b6ffbfde
Content/DSH_交互/V42_翻板按钮交互/Runtime/Meshes/SM_Panel2_Assembly.uasset,302666,01a2597c4df994439510d4da817986fad2291eae1bf4f5a6603c6a59c7ef0510
Content/DSH_交互/V42_翻板按钮交互/Runtime/Meshes/SM_Panel3_Assembly.uasset,455618,3634a9c9ed4cedfdf6433e0ee982e53cca04363e206abb4644f4041ebd9ab9b2
Content/DSH_交互/V42_翻板按钮交互/Runtime/Meshes/SM_Panel4_Assembly.uasset,452132,ce41b37c7ccbca479ac122a84d46c92ff205fad561244c5a9a9e2386e8be5cfa
Content/DSH_交互/V42_翻板按钮交互/Runtime/UI/WBP_FlipInteraction.uasset,131359,60c5cafaed6c14ff330d8416d72fcd1f50b2784288cbb56d4a1cd6190b6dcfcb
Content/DSH_交互/V43_实时俯视监控/Blueprints/BP_MonitorCamera.uasset,247673,e3d775201c42dd3b5359f585911dffa645d0280761a6ef40e852a5265ba2ec9b
Content/DSH_交互/V43_实时俯视监控/Materials/M_M43_BackPanel.uasset,10199,1aac3ec2c33283e061dfdc5b66d5ad182a1075788449bfc8d9047626d929114c
Content/DSH_交互/V43_实时俯视监控/Materials/M_M43_BrushedTrim.uasset,10507,eaf8458b403d866810e421545d572508a040befc5c459070bcf8d52fb33a1fb5
Content/DSH_交互/V43_实时俯视监控/Materials/M_M43_CharcoalMetal.uasset,9070,4f2db521e1f034d59fff12f8ca581f6b63308af85f34b98d5f4ddec443a15042
Content/DSH_交互/V43_实时俯视监控/Meshes/SM_M43_ContinuousFrame.uasset,128386,bcf8ed4039216ed55d027e182da88dd95fd92982768476332d55f1a687b97679
Content/DSH_交互/V44_建筑制图监控/Maps/Main_World2_MonitorArchitectural.umap,1731569,525694c4a974d1cedff98d99bd4f67ba8cda4468bd93f3d4577af86c3f2583e2
Content/DSH_交互/V44_建筑制图监控/Materials/M_Screen_Bar.uasset,26428,20fa42f3ada2e145053a81a40ada1c60b846611e58d87e6d5e59c356bd018c11
Content/DSH_交互/V44_建筑制图监控/Materials/M_Screen_Cafeteria.uasset,27015,3f9c7de37e24eaf33f17c970f9906b75c5365598aff5a48a30c5866943fe72b5
Content/DSH_交互/V44_建筑制图监控/Materials/M_Screen_Hotel.uasset,25525,faa798f020b210612d9e1e8bd79d8441048fadbfea12554e0caf18df7bf8692e
Content/DSH_交互/V44_建筑制图监控/Materials/M_Section_Bar_Fixed.uasset,22088,9de286b5b5bee0ebeb8d18c9bb2b6590ee609cff1d5efe062f7c4b42f49bdf49
Content/DSH_交互/V44_建筑制图监控/Materials/M_Section_Bar_Moving.uasset,22269,160a87ab4d84affd357aee02868f5a87fd797b2641608750b38275040d3ea052
Content/DSH_交互/V44_建筑制图监控/Materials/M_Section_Bar_Stair.uasset,10230,6507dab6792644c0af7aac3e02d05022c19de72ad6ef3e2047c34f227d96705b
Content/DSH_交互/V44_建筑制图监控/Materials/M_Section_Cafeteria_Fixed.uasset,22136,272356be253ffa3f10d22593394f049702e939e78a85cb36a0ab112add9f44ba
Content/DSH_交互/V44_建筑制图监控/Materials/M_Section_Cafeteria_Moving.uasset,23114,19f03d91474c114c271b0a785d7fff8eed93f385f399e9ec1b909bf5f5d83abe
Content/DSH_交互/V44_建筑制图监控/Materials/M_Section_Cafeteria_Stair.uasset,10278,9fb5f73791d49e4370e32ac36cbdda48d56cee0a13b50cfdc76d28489586f328
Content/DSH_交互/V44_建筑制图监控/Materials/M_Section_Hotel_Fixed.uasset,22104,eaec614365481a1521ce99e12090d9060bdad76a5a96f65d36a02519aa80856e
Content/DSH_交互/V44_建筑制图监控/Materials/M_Section_Hotel_Moving.uasset,23082,ae52559fadf0e036d6c008a78ee971ab85888dc5d33514e2be6bf4cfdc5a10ab
Content/DSH_交互/V44_建筑制图监控/Materials/M_Section_Hotel_Stair.uasset,10246,ec674e4d106c449f75955e92f33227389be1ba8b50eba4baae7c0515f74ab3c2
Content/DSH_交互/V44_建筑制图监控/Materials/MI_Section_Bar_1.uasset,7341,d798497814efd14742af0787f019907e18fe0cfa2814f73073dc6bc07ee2f79b
Content/DSH_交互/V44_建筑制图监控/Materials/MI_Section_Bar_2.uasset,7341,f8ee2428bd373c5e1dcc6a5965b5d9990ea56acf8b6f9622305b21372734b73a
Content/DSH_交互/V44_建筑制图监控/Materials/MI_Section_Bar_3.uasset,7341,bcd8cfd238bf1eb786059ba1fe92fb16602092b6af7c68636526574f245bb86a
Content/DSH_交互/V44_建筑制图监控/Materials/MI_Section_Bar_4.uasset,7341,7dd4acb9991f78f851a7afcd4f33c334a65a36c0d9f175aa276d31e975881024
Content/DSH_交互/V44_建筑制图监控/Materials/MI_Section_Cafeteria_1.uasset,7431,b06a51327db44bd657cfaa8842c639195825dbc94b4ce008ae6db3dfb3f8c430
Content/DSH_交互/V44_建筑制图监控/Materials/MI_Section_Cafeteria_2.uasset,7431,7cf05c1859d960d7d25efa22fc0ef1f4696c27c5a0dc32533f86d9fcf3f39bf1
Content/DSH_交互/V44_建筑制图监控/Materials/MI_Section_Cafeteria_3.uasset,7431,bc5a8a904f820fd3d7b6af88d4883040136cdf0ab93c8cbcf8b4d120c6b653cb
Content/DSH_交互/V44_建筑制图监控/Materials/MI_Section_Cafeteria_4.uasset,7431,864bd6d9db2b301420fb7c36d8387fb8dc0505fe9a089c1f96ec05619c837d4f
Content/DSH_交互/V44_建筑制图监控/Materials/MI_Section_Hotel_1.uasset,7371,da4ccfe1a27f4ae0c4371e15d46cf2e3408843ab054b33b68e6e6512724ac873
Content/DSH_交互/V44_建筑制图监控/Materials/MI_Section_Hotel_2.uasset,7371,6a10d8f51dfabc2c58ffa2681b94e4648ff160c22c042989aaa4a5de6a4c00e0
Content/DSH_交互/V44_建筑制图监控/Materials/MI_Section_Hotel_3.uasset,7371,58843a5de898fb6b8f92e6bbedf397a9528bd6c4d1377b4986a7915547be9cde
Content/DSH_交互/V44_建筑制图监控/Materials/MI_Section_Hotel_4.uasset,7371,172fcaf9e49bb9e78fdfd35d8d3bc92a53d00354316e780bced494fedcf6f3df
Content/DSH_交互/V44_建筑制图监控/MonitorOnlyMeshes/SM_Packed_guizi.uasset,17855,b81718f112036079cf38915cb839c478c8f41bf6f4c3588ef40809823250a7f9
Content/DSH_交互/V44_建筑制图监控/MonitorOnlyMeshes/SM_Packed_interactable1.uasset,403106,ef6fbedc226b66bfa86edd05a1044b86ecfb5f8210ac3082a0ebb8311abf44df
Content/DSH_交互/V44_建筑制图监控/MonitorOnlyMeshes/SM_Packed_interactable2.uasset,401255,d762953e2a0b2e364722988339936f6b36ac49e3cdaff053ec2272222d52cec8
Content/DSH_交互/V44_建筑制图监控/MonitorOnlyMeshes/SM_Packed_interactable3.uasset,15792,20a44ecd6168736633f3920d787e75b2088ead1046f46f1786a190b7c8a9d3fe
Content/DSH_交互/V44_建筑制图监控/MonitorOnlyMeshes/SM_Packed_interactable4.uasset,206454,c457dee035193e5f17573174c238e944ac9540aa7d5a0fb359501ed5618bfc02
Content/DSH_交互/V44_建筑制图监控/MonitorOnlyMeshes/SM_Packed_MON_PlanCutaway_Bar.uasset,1605110,47e0e7434432bee50902ce6e03336b721430065dde1bd4f3855a7da6eb95d819
Content/DSH_交互/V44_建筑制图监控/MonitorOnlyMeshes/SM_Packed_MON_PlanCutaway_Cafeteria.uasset,1592362,633970e911ed44dd6a570b1ab1335e8279febb50872e3b62d9a0fe63812972ca
Content/DSH_交互/V44_建筑制图监控/MonitorOnlyMeshes/SM_Packed_MON_PlanCutaway_Hotel.uasset,1003116,15de3de96076e3b429fef77702cc0249571487906a57a707e80932494868599a
Content/DSH_交互/V44_建筑制图监控/RenderTargets/RT_Section_Bar.uasset,4567,21bf0848eff5c9ae33c28939abfab04f724a87e04da8cca17404166db480dcd6
Content/DSH_交互/V44_建筑制图监控/RenderTargets/RT_Section_Cafeteria.uasset,4609,122ba5232e96b62b393e773cce732811670b6e0b6f8c69078f5d69dd0093a332
Content/DSH_交互/V44_建筑制图监控/RenderTargets/RT_Section_Hotel.uasset,4581,f6699d44ee2d7e1053f7fc7cbb14c9b083423e26ef63ad5c89dac000e1ffb929
Content/DSH_交互/V44_建筑制图监控/Textures/Overlay_Bar.uasset,64696,d0f3fdcc7f86db6a258756c9670ecc98769986d225918aa2dfe1ea83b14fb14c
Content/DSH_交互/V44_建筑制图监控/Textures/Overlay_Cafeteria.uasset,66489,7f219fdcd0438d0ea906aa14e85210a6a01c6405e323462df7d5bce9b23619d0
Content/DSH_交互/V44_建筑制图监控/Textures/Overlay_Hotel.uasset,62521,fa2fc34ac2df8ba45e22031d86752997a0a7bb669d56b5c13c92e9e00a0ca19f
Content/DSH_交互/V46_兼容性/Materials/DefaultTextMaterialOpaque_Inst.uasset,2832,fcf553f936fab8ff2a89bf9d51f7e6c5d5fbc2d3a4f34415a2bc9e7345ea6ee8
Content/Elevator/Blueprints/BP_physicsCube.uasset,94315,fc243577cf46dc863a829181e54e8c0c3336db3ab858a3414ef0bef9eec827e5
Content/Elevator/Blueprints/Elevator1/BP_button.uasset,130790,dcc2fe6151662670ad1e2154ca222a09f557b84e39f917c8371cba6d42b8caae
Content/Elevator/Blueprints/Elevator1/BP_callButton.uasset,146145,71fb277d37fd04004e241124bb7f5829fbf97875c14b3f4ce434edb7cd1881c9
Content/Elevator/Blueprints/Elevator1/BP_DoorFrame.uasset,487741,7d70f5bdd3574e9b6f6904ebbb56452fdca74dd6d273a6b80c08b4ba5157a6ef
Content/Elevator/Blueprints/Elevator1/BP_Elevator_Box.uasset,899933,942dd3f814e12d7195ff9922f4d5ca13991c7aecba8dcfcc78f7a94ed69b669a
Content/Elevator/Blueprints/Elevator1/BP_Elevator_System.uasset,95301,8c89f1299422d82331d7ef53e92d72ddf881ee7534e4f083312b84d19e10b9ea
Content/Elevator/Blueprints/Elevator2/BP_button2.uasset,132592,6ee118355682fc99cdf08386aa4470f0584c26b2fd579db097bbca5f605631e5
Content/Elevator/Blueprints/Elevator2/BP_callButton2.uasset,143150,cc78a37483939be8a54ffe50d7a4e71f5a0563472620c8c15aee03df26ce0e10
Content/Elevator/Blueprints/Elevator2/BP_DoorFrame2.uasset,543937,4d02bcc45d49120d7dc8ed9a103eab0cae987559a63e8e1263291597fb62fdd3
Content/Elevator/Blueprints/Elevator2/BP_Elevator_Box2.uasset,925299,a42e5d347bb66b21a6c73cac86ccbfadb38a998d383e7a4f39ab5072e47d344d
Content/Elevator/Blueprints/Elevator2/BP_Elevator_System2.uasset,118001,413e857ed1c760dbaa96ce0105fe68cc3bf613443c78c2f379ac447c077c9069
Content/Elevator/Blueprints/FirstPersonBP/Blueprints/FirstPersonCharacter.uasset,215534,f0d6879fcc16b066ad88f0bda5f278425af7f6135527fd826aa51a721bea44d2
Content/Elevator/Materials/1/M_buttonCall.uasset,120619,4cb6e258e9e09ff227de0923dd64650c72b71dd28c072b07d1b70c576e1008dc
Content/Elevator/Materials/1/M_buttonCall_ON.uasset,109204,09b9f32bfc1307139f61dc2ac81d804187ba5e274c5b6f02a9cfaf8202b5d71a
Content/Elevator/Materials/1/M_buttonLight.uasset,116293,90048a78524c07e88da50630b4e0200802d87197b52da816c2bacf333aef458f
Content/Elevator/Materials/1/M_buttonLight_ON.uasset,112992,f8dc93d12477aa5b1e6524a2e29f3e2af179a28d483cd3ec1624475b21d8954d
Content/Elevator/Materials/1/M_buttons.uasset,142677,31bc2b99019548442a500842e98f5b2b1e229033b5c241f53f390fcb07c58ccd
Content/Elevator/Materials/1/M_ElevatorBox_1.uasset,139621,020ebf4a6f5a6addc232b5a5600b121cdb888ab71575c44d0b578ce3c19d86ab
Content/Elevator/Materials/1/M_floorSigns.uasset,157099,ff3a66c783a649b0445cf2c61c174c7654ed8f2de9996939203d0a4f99e938c3
Content/Elevator/Materials/2/M_arrowLight.uasset,117214,5610fb2d687964ac2c08731198e3ca5f846ef93871b8a9bf2b251d8dec15989e
Content/Elevator/Materials/2/M_arrowLight_DOWN.uasset,120253,a98378ecfa96543ce97cbeff2c7be406e52675f561e1dc644b17e456569d7bae
Content/Elevator/Materials/2/M_arrowLight_UP.uasset,120812,5dee21c92f86761a0f405906c4f2886ae466ee65d20dc9d8cffdfb27caaa2b66
Content/Elevator/Materials/2/M_buttonCall.uasset,129445,919ceeccb0d36881eff8af5b68d751038f65304518af9246d7d7baa9669d2051
Content/Elevator/Materials/2/M_buttonCall_ON.uasset,125216,43b9c28423fa5ae554fae2a02faf22ca23cd5f4428f73a3f0ef5c2d9a4936810
Content/Elevator/Materials/2/M_buttons.uasset,135981,98a8b44c07f20220bb798b1c6a56d26416375aa43f71233d6f1927a92aee5551
Content/Elevator/Materials/2/M_buttons_ON.uasset,141927,05e2305961485336066f29978bcca88142c90ec6fc839277e3f4833ed152080c
Content/Elevator/Materials/2/M_ElevatorBox_2.uasset,140116,556a92b457db12a7ccd389100d9762f54817443dd7829e818106936fb238206d
Content/Elevator/Materials/M_LEDFloorsGreen.uasset,144454,95cc7059fc8a0ff67d30220acd26bb17ddbd09afb2f030917ba5f1663fae4044
Content/Elevator/Materials/M_LEDFloorsRed.uasset,142399,07d90765f36cc74943e5f21cfd5d30c6e299a47365b6ab69e0b6a66c0a055946
Content/Elevator/Materials/M_Railings.uasset,120204,137182d6e24ec9358581b57b92d63a361ed9913099d34d10282fef3c84b356c6
Content/Elevator/Materials/M_Windows.uasset,14110,2f8c514475d6baedcc9471af87a64d66c32457bf8667bd98e7ac0100cc92edb3
Content/Elevator/Meshes/Elevator1/buttons/sm_buttons_floor_button-1.uasset,85381,9694d7cb98bf66033b9981871a2d978bef797313927a805729fc61021f4e6f34
Content/Elevator/Meshes/Elevator1/buttons/sm_buttons_floor_button-10.uasset,85477,d45c8cbbb09497009c6c702bf6ebefdf55c541f1be7e05b5ef6569d6050d41ef
Content/Elevator/Meshes/Elevator1/buttons/sm_buttons_floor_button-11.uasset,85067,a46714b6887a59205075cf2b1ce04fdc9a90555a3517e833fc51851740e50d82
Content/Elevator/Meshes/Elevator1/buttons/sm_buttons_floor_button-12.uasset,84991,be5c690714b5be7a5e1de9c9207b0942f54c35310b89413a5842691d025c4b00
Content/Elevator/Meshes/Elevator1/buttons/sm_buttons_floor_button-13.uasset,84961,af7b29c7334af0b1c63ca65f0f859eedd80cc67d5fe0351e3b483bf3a21716a0
Content/Elevator/Meshes/Elevator1/buttons/sm_buttons_floor_button-14.uasset,84980,b496ccb8a4a993a2b66682ee09f45ca9f6f0476ee23f12a9e1804230191daf79
Content/Elevator/Meshes/Elevator1/buttons/sm_buttons_floor_button-15.uasset,84992,831a0946a9476a7b6d0b27bfe1832d63de9e8da257eef7f25a550f1bf85a941d
Content/Elevator/Meshes/Elevator1/buttons/sm_buttons_floor_button-16.uasset,84983,65ee5b74bc53064b1e837c67f4ae38edfedcc654b04e5d4af4233553c3525823
Content/Elevator/Meshes/Elevator1/buttons/sm_buttons_floor_button-17.uasset,84950,16cb1e92fce3f12aa5a9fcc895d59bf0ef380855549027d56a5f40fe47c7d9fa
Content/Elevator/Meshes/Elevator1/buttons/sm_buttons_floor_button-18.uasset,85050,8cffde17121f6dbde95c3481c126962287cd2a1e0e1158177daae72243d79932
Content/Elevator/Meshes/Elevator1/buttons/sm_buttons_floor_button-19.uasset,84980,2a6ee491561ce0e2ea8126ee8c8710bde1de884ef1d9af5c46879f7fe28f3128
Content/Elevator/Meshes/Elevator1/buttons/sm_buttons_floor_button-2.uasset,84999,5e8d6e5921cf7ed3709c615a98785c34d985d8cb12f27adb57d0a497bb90f034
Content/Elevator/Meshes/Elevator1/buttons/sm_buttons_floor_button-20.uasset,84994,672051b1d69037bf958d1cc56e3ea7ed9992f3964336fefe813cdda658c90bde
Content/Elevator/Meshes/Elevator1/buttons/sm_buttons_floor_button-21.uasset,85022,d14691f278830fa438e1b3e1fac483241ca490b224a0992902378ae04d6cf380
Content/Elevator/Meshes/Elevator1/buttons/sm_buttons_floor_button-22.uasset,84948,4872df89145bab16a4f96c209d3df888ba0bdc7aa540d3516a02fe8c057f9be9
Content/Elevator/Meshes/Elevator1/buttons/sm_buttons_floor_button-23.uasset,85006,5015a3203df016be917e6fc8387a3de69d320ff86e0ff576bd2f636af8b3cb59
Content/Elevator/Meshes/Elevator1/buttons/sm_buttons_floor_button-24.uasset,85125,6afec001661da343f0c23bf0227b3e2422b3d4a8f1b41e69ac850c87f76a9755
Content/Elevator/Meshes/Elevator1/buttons/sm_buttons_floor_button-25.uasset,84997,9dfad8ab77f011ffba1c1b60d47f1da2d77e6bbb97a38b420dd58ae34c6f1a49
Content/Elevator/Meshes/Elevator1/buttons/sm_buttons_floor_button-26.uasset,84952,7d25c4de781f8825312d12e765dec2de91a5a10d17998f4d2895a53a4473fba8
Content/Elevator/Meshes/Elevator1/buttons/sm_buttons_floor_button-27.uasset,85025,11fa29f8661721cc8a551c10583745d74dc3d59e8c779b8dda6f07cbfd412ae1
Content/Elevator/Meshes/Elevator1/buttons/sm_buttons_floor_button-28.uasset,85093,7c8df54bd29e88a159e2b854a52c7f3807f175836e0a09fe611bdddd4815d7f7
Content/Elevator/Meshes/Elevator1/buttons/sm_buttons_floor_button-29.uasset,85014,0c02208c853a6a259f87270e6fe4ee4f14a6ccc65e677a3c1f1c3efdb07bc135
Content/Elevator/Meshes/Elevator1/buttons/sm_buttons_floor_button-3.uasset,85039,6004a4097a8933a930239785bc18275dcddbd70eaa146e28fa283f1783602711
Content/Elevator/Meshes/Elevator1/buttons/sm_buttons_floor_button-30.uasset,85010,f312ba5f0f29849dadb20000028d339da5c4be1ac08cf0b205cccc8c3744c963
Content/Elevator/Meshes/Elevator1/buttons/sm_buttons_floor_button-31.uasset,84984,c4124027937438996e364f8dff3c74b42159b86fbc597b03d497439188d48580
Content/Elevator/Meshes/Elevator1/buttons/sm_buttons_floor_button-32.uasset,84924,6dd9d29b552d5d04bb62cd136c08afa03a28010cf8fdafb60e3bc445dfb611cd
Content/Elevator/Meshes/Elevator1/buttons/sm_buttons_floor_button-33.uasset,84974,d924c68eb668f67b765dbf4148650f4b0027173e8a3f22380d924671c2ad9312
Content/Elevator/Meshes/Elevator1/buttons/sm_buttons_floor_button-34.uasset,85022,7cf3a04b6ed5eca050b5f14c8cffad4f6e3e731d73a7266b0e8d3f02fd86db4b
Content/Elevator/Meshes/Elevator1/buttons/sm_buttons_floor_button-35.uasset,85005,ba5fcf2dcd7c794a2cd84f6e7c364589e19077b9be0662c7a5dd05c06dcd9ab8
Content/Elevator/Meshes/Elevator1/buttons/sm_buttons_floor_button-36.uasset,84931,59008ebc25206ae8224f889f76fba43bdc98039ffb66987fe42f61ee530cb2e9
Content/Elevator/Meshes/Elevator1/buttons/sm_buttons_floor_button-37.uasset,85098,a21ea931d9fa7e39615cc564f2fcd8a43c5c9585e48997480b8cde5ebb09ad76
Content/Elevator/Meshes/Elevator1/buttons/sm_buttons_floor_button-38.uasset,85002,8c13cda9aab408cc236c2f7d31e758fe8eef04e7264d0872c9158ca531390b31
Content/Elevator/Meshes/Elevator1/buttons/sm_buttons_floor_button-39.uasset,84983,17b3fb91a5a069001ba9d64a46393b6fa2e2af845d6019297542b3c5f74cd1f8
Content/Elevator/Meshes/Elevator1/buttons/sm_buttons_floor_button-4.uasset,85072,fdd4b4beb7ca2da5479f0961704bcc84b499e269f61716fa49554ecf9498c93b
Content/Elevator/Meshes/Elevator1/buttons/sm_buttons_floor_button-40.uasset,84884,ffe4b8e4e1157f22ea4295bd6cb20e6852e92cd57a905fe9e9e1b12d68ee8575
Content/Elevator/Meshes/Elevator1/buttons/sm_buttons_floor_button-41.uasset,84971,e81b8e4befaf08286cb2bc2664552848bfade6942497c7dd1de97a0e6bffc6f3
Content/Elevator/Meshes/Elevator1/buttons/sm_buttons_floor_button-42.uasset,85017,5d5ec793e76204ea1a4be9e375d6bad085d882c1cba3eabba7cea315e769f4ff
Content/Elevator/Meshes/Elevator1/buttons/sm_buttons_floor_button-43.uasset,85017,76a7806aa531b971ee00417780d24c70bb652cfb1c1827c9bf4b207b9bd47d2f
Content/Elevator/Meshes/Elevator1/buttons/sm_buttons_floor_button-44.uasset,84985,a3bb7fe8cffac781a70067c9f01dd411b874ed911862d37cacb1d85d4f499fef
Content/Elevator/Meshes/Elevator1/buttons/sm_buttons_floor_button-45.uasset,84978,b02577f020402d78b86a2b9549697883de9c6d63e66cebe87ae593042c634d3b
Content/Elevator/Meshes/Elevator1/buttons/sm_buttons_floor_button-46.uasset,84976,ff4f8bb2e67cd77d757b6e141c410b4ac570f0973408135937af2ec44e0f46e4
Content/Elevator/Meshes/Elevator1/buttons/sm_buttons_floor_button-47.uasset,85002,1aa05b94d87fc73197d4fde88d55900885129792bb65d5b2c47e7ed63151f4ab
Content/Elevator/Meshes/Elevator1/buttons/sm_buttons_floor_button-48.uasset,85027,58cab57807a7e11097049d6923afc3f984f8902ca07237bbcc12712b4f1ac4f4
Content/Elevator/Meshes/Elevator1/buttons/sm_buttons_floor_button-49.uasset,84989,f03bbab9cbd86ec793973ac8d95300f091d534cfed03d3b693f6a44471433d20
Content/Elevator/Meshes/Elevator1/buttons/sm_buttons_floor_button-5.uasset,85050,261dee7ae338dd659b1bd272b485056b700185b785c4131bdd46d64ddff68152
Content/Elevator/Meshes/Elevator1/buttons/sm_buttons_floor_button-50.uasset,85034,deb8c62f7e32ec55d9daa68967dadbf38e3afe5d5b89c34bc25a536d94d0f355
Content/Elevator/Meshes/Elevator1/buttons/sm_buttons_floor_button-51.uasset,85009,7c3f86637db61f796337beb5f53ddae03a1447e863d57f7b8e7858e81814b46e
Content/Elevator/Meshes/Elevator1/buttons/sm_buttons_floor_button-52.uasset,84963,882e65a924ae51d4aa9ee064404c6633d2e5f5f3331a334a1625cae4f2ef51ae
Content/Elevator/Meshes/Elevator1/buttons/sm_buttons_floor_button-6.uasset,84918,58431957400031cf7e38445d99c50ac0a6674170849b368e02c23369c17ddf4a
Content/Elevator/Meshes/Elevator1/buttons/sm_buttons_floor_button-7.uasset,84979,d75f08a70a68375fcc53d971827c52786a9b9275b5f34b7f14e926dfb99d814f
Content/Elevator/Meshes/Elevator1/buttons/sm_buttons_floor_button-8.uasset,84954,2b48d7c70d3e44cf877903c21949e2db3cafb3646f16dc63c560f7174a3e06ff
Content/Elevator/Meshes/Elevator1/buttons/sm_buttons_floor_button-9.uasset,84986,3349a391939438ef7fd1531a77c04e39dac60f4c659de055e2f526d6a6755767
Content/Elevator/Meshes/Elevator1/sm_bottomFrame.uasset,392756,dc6691d8c601f45b6294364bd55939bfd36c7e0652624c2f2b2cc98e945694a2
Content/Elevator/Meshes/Elevator1/sm_buttonCall.uasset,82858,6977c7ddf231f785bb924223d5e1fbd9d6ad011103b8b1f61c5a37accda8138b
Content/Elevator/Meshes/Elevator1/sm_doorFrame.uasset,150213,861be7ba404db5a9b6b59320073e06778ec724cb9429d380a2bbc709de58e222
Content/Elevator/Meshes/Elevator1/sm_elevator_doorLeft.uasset,136894,a8f83ce02afe4326bd1f113b5b08798585cfe14e51507516425cf261616ecd38
Content/Elevator/Meshes/Elevator1/sm_elevator_doorRight.uasset,138721,cdb8845ba30ffaff86cf9540c2711c647cbd91e9e4504223feee157799ca4451
Content/Elevator/Meshes/Elevator1/sm_elevatorBox.uasset,1602747,a3a444399547674551fe1fdd5aadd130309dc005c895d57ab427386ad8457f16
Content/Elevator/Meshes/Elevator1/sm_escapeHatch.uasset,99180,23e62fffde756b50dbb2ed5968459da873008ac38a5a8ce34ddadd008380848a
Content/Elevator/Meshes/Elevator1/sm_floorFrame_doorLeft.uasset,96837,c43e92ab9bbfd36520f274ba8ce3b6e999e75dba8a4dc0c1608aa4c4c09c05a2
Content/Elevator/Meshes/Elevator1/sm_floorFrame_doorRight.uasset,98023,7d67f351269808cd6e4609c448c571fb52c46c51960bdce9a0a4a2295321fda6
Content/Elevator/Meshes/Elevator1/sm_floorSign.uasset,86182,7e956b39ef0def2ef64da12b32a5488efbde851663a9db3b887f3bb23c52dd7f
Content/Elevator/Meshes/Elevator1/sm_hatchCover.uasset,123288,f3676aa956ea6d35cd241e67f2dcd02525b9cadcf501d33fa97123cdfecd1ad9
Content/Elevator/Meshes/Elevator1/sm_middleFrame.uasset,467632,e951e9475e01bde204621659a06a345a60c9f37d4d1648bc579b20c2d996890c
Content/Elevator/Meshes/Elevator1/sm_topFrame.uasset,533799,aadc8621ccb7d6dd39510036b1ddb5f872ef0a56f39fad24585fc04f9854d93b
Content/Elevator/Meshes/Elevator2/buttons/sm_buttons_floorbutton_1.uasset,83705,cb5a99552790884a5403eecf06bf52f684647901daaefcc1208c0ef42f56ca45
Content/Elevator/Meshes/Elevator2/buttons/sm_buttons_floorbutton_10.uasset,83200,6dd05c9300a112acf37310d76021324e17fa01a4d0e9f5246083d91f4e2f297d
Content/Elevator/Meshes/Elevator2/buttons/sm_buttons_floorbutton_11.uasset,83168,837e11a749f43d9568389c73ae2d390cf76ab014179af965bc9728d347bcdff4
Content/Elevator/Meshes/Elevator2/buttons/sm_buttons_floorbutton_12.uasset,83158,82695c4b0f892deacebefb31030d57a3099529f6da899567bafdbcad7b43b0ba
Content/Elevator/Meshes/Elevator2/buttons/sm_buttons_floorbutton_13.uasset,83136,03c7a68d85d2addc5bcbc93f1d6aa76d60fccaca9d60b978528ce54484d0ebda
Content/Elevator/Meshes/Elevator2/buttons/sm_buttons_floorbutton_14.uasset,83733,efa8e0f3bd6dc7f3595678886599625591863f3b6c7b89ddcefb75bcb3c12385
Content/Elevator/Meshes/Elevator2/buttons/sm_buttons_floorbutton_15.uasset,83116,758e2fe4048d2b310396952560ca731dbd1d621d78ccc302aae6d4bb3fee0314
Content/Elevator/Meshes/Elevator2/buttons/sm_buttons_floorbutton_16.uasset,83186,4797b1b153d17179f315aaee2cc338ee232226e830706f40527ec738ba63f2ba
Content/Elevator/Meshes/Elevator2/buttons/sm_buttons_floorbutton_17.uasset,83004,a046e9a25fe750c6f6375e41b573c9a782f1598980de7b65f210df7e081be4cd
Content/Elevator/Meshes/Elevator2/buttons/sm_buttons_floorbutton_18.uasset,83062,2dd99d05106d29ab541dc4261d56508229f32b1250f15130c87e300fc29bf1e4
Content/Elevator/Meshes/Elevator2/buttons/sm_buttons_floorbutton_19.uasset,83143,5e8d1a73c28cff8a0d632cc6bc9030e98a1950f0dac174603687f7995df817a5
Content/Elevator/Meshes/Elevator2/buttons/sm_buttons_floorbutton_2.uasset,83608,ebdcdd1b6dff820cafbd1dff3f4e9e7bfc03d8ed122b2eb4001f7840c240a9a3
Content/Elevator/Meshes/Elevator2/buttons/sm_buttons_floorbutton_20.uasset,83209,d8344b7620913226aa15cd3ddda29ab6b782455815224ca5845dc79351756194
Content/Elevator/Meshes/Elevator2/buttons/sm_buttons_floorbutton_21.uasset,83248,47de135a698f3f6d9466225108a53b664f7ef4b84ed62ac01cf0e22ee1aaffaa
Content/Elevator/Meshes/Elevator2/buttons/sm_buttons_floorbutton_22.uasset,83144,be3ffdc3d412399da6ccb1659881e5b70eccb6ba6e80ebac0d05b18d5e805bf1
Content/Elevator/Meshes/Elevator2/buttons/sm_buttons_floorbutton_23.uasset,83137,d40a989c839346e5ad11a65cd6f3c3c9220682b365388147facafcc213fbb057
Content/Elevator/Meshes/Elevator2/buttons/sm_buttons_floorbutton_24.uasset,83237,105fecfb62b1769b84c4491f62b7d7a06cf8571b3a73361b729b7fad8cd2ee76
Content/Elevator/Meshes/Elevator2/buttons/sm_buttons_floorbutton_25.uasset,83179,cb569e930443f9264272b18450e613b52a408f23fd8bc1b06d88b61f5778585a
Content/Elevator/Meshes/Elevator2/buttons/sm_buttons_floorbutton_26.uasset,83162,b94347d2b2a4908fb8b9cf4dcef80e1a841c7d556236ae062544098ed099ec8c
Content/Elevator/Meshes/Elevator2/buttons/sm_buttons_floorbutton_27.uasset,83151,acac65e62ca0b202fff7d9c63fe6da5234a71a5f43f8e2b9c5b2508dc14e0b92
Content/Elevator/Meshes/Elevator2/buttons/sm_buttons_floorbutton_28.uasset,83702,355df58618737393b21f2862a7f5e5ee14c803e72fe5c23a2e175d74a3dea6b0
Content/Elevator/Meshes/Elevator2/buttons/sm_buttons_floorbutton_29.uasset,83156,b9a40a017c13f0a67cc7e73e4da4da11a08d93aa06efa0cbe3472488ffb1ad13
Content/Elevator/Meshes/Elevator2/buttons/sm_buttons_floorbutton_3.uasset,83112,87e6babe80dacf068b98a46032d23b5bd055205f75c3d34d643b9070ad378bb7
Content/Elevator/Meshes/Elevator2/buttons/sm_buttons_floorbutton_30.uasset,83126,01886cd69fce37cdc9180cadcd423f4e8d8c2d0ecfc4dde4b745d2c378a58f87
Content/Elevator/Meshes/Elevator2/buttons/sm_buttons_floorbutton_31.uasset,83118,74c21b06f67f01e412f4469227e5e92d4410e789f8af8d88b7547fbe6928f188
Content/Elevator/Meshes/Elevator2/buttons/sm_buttons_floorbutton_32.uasset,83164,1f28d478e97696983cb279e645c00f9ac3421415d533cfcb3fcda1066a5aa2ba
Content/Elevator/Meshes/Elevator2/buttons/sm_buttons_floorbutton_33.uasset,83056,802eef309bf7b1951482ca5efd6b35581956b799d974452bdbeacadd290a0cbe
Content/Elevator/Meshes/Elevator2/buttons/sm_buttons_floorbutton_4.uasset,83132,a943681d5933c2c1322feaed142fc61f81ee0c39961b4c2734e5964bc37e9a7d
Content/Elevator/Meshes/Elevator2/buttons/sm_buttons_floorbutton_5.uasset,83103,58aaa18c1c7bc213dbb67ff7347439e8791ae28055a5d0916356151f38e83dbb
Content/Elevator/Meshes/Elevator2/buttons/sm_buttons_floorbutton_6.uasset,83185,0b1df175d8abd9e1c8dd451dd623b542337e044b265370d363271d0c82ba300f
Content/Elevator/Meshes/Elevator2/buttons/sm_buttons_floorbutton_7.uasset,83720,7fda42118eb5e4d33ba356364a6f14f867084dc50ed139ade506e700dbb5a5bc
Content/Elevator/Meshes/Elevator2/buttons/sm_buttons_floorbutton_8.uasset,83134,f7bab27090d890c4fcf88fca9e360ae967a06d289bf0a70475a354ad68db21c9
Content/Elevator/Meshes/Elevator2/buttons/sm_buttons_floorbutton_9.uasset,83668,35f8835b9377ac95b6de237fd27f764fce8547d591d97a3000744f131aa5a654
Content/Elevator/Meshes/Elevator2/sm_buttonCall.uasset,89602,d53a4ff0b892ac13df8ddaec296c610465ee4d691be551599fc955a1de6c490f
Content/Elevator/Meshes/Elevator2/sm_elevator_doorLeft.uasset,141918,b14abfd3d45aedf7366ee47bf1dcadfd17fa5218737036439900588a657b72bf
Content/Elevator/Meshes/Elevator2/sm_elevator_doorRight.uasset,142929,c3df889591dbe15c04d99bf18a17bf5f434059d122f4cea021cb4c5f56681fb2
Content/Elevator/Meshes/Elevator2/sm_elevatorBox.uasset,1523604,c51b76400f023bca3a5f2c84b18840b6ef56e3d934d93934da61bbe709ceaea8
Content/Elevator/Meshes/Elevator2/sm_escapeHatch.uasset,95439,30f8791b90b75cb3186360e67b219e3fb3d5243491f7ad25f86d9b381094edb7
Content/Elevator/Meshes/Elevator2/sm_floorFrame.uasset,157199,6d3cfc898b4d3d0bf25bef0fa977fd7546d376815a13cf34d17a8485baaf5faf
Content/Elevator/Meshes/Elevator2/sm_floorFrame_doorLeft.uasset,102320,0f4bbe116b8930e11e445d118535d3206ab45311508a7e132128b9ec8709f911
Content/Elevator/Meshes/Elevator2/sm_floorFrame_doorRight.uasset,103712,b4670e3a66735679ffc28cd1699f17542aa71bf7cdad95df42fa0a3c1a0a9feb
Content/Elevator/Meshes/Elevator2/sm_hatchCover.uasset,157011,9abd496a9cb48da213641d9b1c0eeda18bbbd08eaa5c2135d917c05e7aca2686
Content/Elevator/Textures/1/T_buttonCall_BC.uasset,31976,458dde1e3a7c9764cd4e36b33598870724e1b4629766f3922edeafbb0f7ab48c
Content/Elevator/Textures/1/T_buttonCall_MT.uasset,36577,0c0e2429dfac6134d8b4e39b1f105b5f741852dbe2b9c4370de59f2562077963
Content/Elevator/Textures/1/T_buttonCall_N.uasset,55698,5e64715d5978bc594cb5f624c392d092906ffb5fb5b4fd573829bc95b19aec2c
Content/Elevator/Textures/1/T_buttonCall_ON_BC.uasset,27619,6d2a07f1e657431930eca1b6363753fe7f8fa7ebe66c4678dba537b78ae260d1
Content/Elevator/Textures/1/T_buttonLight_BC.uasset,150240,9ae9044864980dad09ae7ddf995c559928d45d7e458e07cd9087a389cf528ed9
Content/Elevator/Textures/1/T_buttonLight_MT.uasset,142593,d0da47636ac9a47b4cf7fc3162e589900e6a7466022dec7c04ec10e9ab2d327b
Content/Elevator/Textures/1/T_buttonLight_N.uasset,132862,16931a31c64d549a6aa0612b3278b5da9408f3018e7bd2b7930c94f636584aef
Content/Elevator/Textures/1/T_buttonLight_ON_BC.uasset,67385,1a92685a4aed9e437ae8e2f030ebfa62ff2739760e33628a87c8312219359c50
Content/Elevator/Textures/1/T_buttons_BC.uasset,4478908,f1a81f76ba9d29d2717df7c47c733a999362d61c147d682fbb15b938471fcca5
Content/Elevator/Textures/1/T_buttons_MT.uasset,4598290,de6670a5040b48ba467ef389ce84172d8ab4709161f414cde60e426bac6f93dd
Content/Elevator/Textures/1/T_buttons_N.uasset,4601277,63c82caa84c83bf0d6e75228cbcf318f6e9a80c3c8adf5ee9319e7c4d8d39b6f
Content/Elevator/Textures/1/T_elevatorBox_BC.uasset,16159215,4c350ff0e33f7c9d0e3eb4cdf64b2b0d0cb2d33868fc7ea7f5c24bb2ef04913e
Content/Elevator/Textures/1/T_elevatorBox_Emission.uasset,35402,84c40c3250296859564fd0f30ce53a218dab8333a985ee4110358a7231a9ee6b
Content/Elevator/Textures/1/T_elevatorBox_MT.uasset,19056559,4efcc47354c663993519ef3b53f553969b43d41626c765b44f9829a3d3d6329f
Content/Elevator/Textures/1/T_elevatorBox_N.uasset,14977048,0c1a250d799205884c5251741d27bd0d26560f2dc3cba00daf45c20a57ead0a2
Content/Elevator/Textures/1/T_floorSigns_BC.uasset,7519656,9740b50d622ff06791db745dcb4c9f16aa274de3b4d1ecd20c74fe2ee0cde15d
Content/Elevator/Textures/1/T_floorSigns_MT.uasset,5442592,cc50d167e29cbd812995ab43d2bb1b057d3162cebc8d0a153b690d55261da6da
Content/Elevator/Textures/1/T_floorSigns_N.uasset,6251798,14ffb389eaa45213038c248a157202ac73c4429f85fbec03e0417974dc0daa4f
Content/Elevator/Textures/2/T_arrowLight_BC.uasset,35564,f295c7b859c01b1db1ce2eea173f9fdc18506a0f80a9e3d91b1f75104f344660
Content/Elevator/Textures/2/T_arrowLight_DOWN.uasset,55393,019da0f37b7576029d91a2ad6cdf6a1c88ded8c3278d84b0b8db0c85829e3c2c
Content/Elevator/Textures/2/T_arrowLight_MT.uasset,121727,b01f87cc8be8079bf9b4d85f00fc84555e9393fb47141725bac388c4d212d376
Content/Elevator/Textures/2/T_arrowLight_UP.uasset,55302,427f0e152c4cfe25e0827ad2a7e14b109af88f9a6046b04e610f219c3f8a56f5
Content/Elevator/Textures/2/T_buttonCall_BC.uasset,41813,1bd50c687ff9354d9db69c55e1c6500bb70e617b520482f446890d47199c4c43
Content/Elevator/Textures/2/T_buttonCall_MT.uasset,21455,5ca9568ee110249d39244c4b083525415d4941c213483c305df775050211b490
Content/Elevator/Textures/2/T_buttonCall_N.uasset,16230,4009e3f31c9139ce13ca858646300d4e159019b6d493e002f3cf5e9272c494a9
Content/Elevator/Textures/2/T_buttonCall_ON.uasset,25944,49c652f228f454f3ffea2cb6aefdc4be2172349995169f99bc694fa3d9b5dd24
Content/Elevator/Textures/2/T_buttons_BC.uasset,518518,478a8d5a75c6a812f0caf413c65d78a9d6a61110a643e85cc0067d3c2f2f8d9b
Content/Elevator/Textures/2/T_buttons_MT.uasset,3024267,d6f736cde7aae3828ce825693bc5e24dad59856a9d01fdad177c9c2c4dbcf8ec
Content/Elevator/Textures/2/T_buttons_N.uasset,733518,e2c99569e14853322e05f8530ccfdf75e9b1866efdf0c3942d63fdb46880ada6
Content/Elevator/Textures/2/T_buttons_ON_BC.uasset,1049811,d813c45171f3c78610a372cf727825312d95ce40147f84e626567c1cb2f4423d
Content/Elevator/Textures/2/T_elevatorBox_BC.uasset,20863755,526e6744fca464a410586473bb6d0e37498573d1b3e96fd24f3f8c076d0f3af3
Content/Elevator/Textures/2/T_elevatorBox_Emission.uasset,35350,907eb2505f52947f38f8239c370174c3953505658aa2f5a9474da4aaa366c95c
Content/Elevator/Textures/2/T_elevatorBox_MT.uasset,13181999,f7c9ed1ee392da35702a04924843ecabdedefbd91e953ba2590597ba190e0c1d
Content/Elevator/Textures/2/T_elevatorBox_N.uasset,9366291,2d1accb53d984f6a009c07b44310ba509ce897ea6ab57413ab37fdfbfd989521
Content/Elevator/Textures/T_LEDFloors_BC.uasset,535115,b39e823f0f622e49e5015d96592ef675d4a7d083091f68d8074ef24f56f53371
Content/Elevator/Textures/T_railings_BC.uasset,18613045,08ab0573b4223946864bf6906d46c214656fa3ab58f68ee7cbd12a7cc97e497d
Content/Elevator/Textures/T_railings_MT.uasset,10867724,e34d1b79f88079615cb39701239d39542e3be85a975fb83ab7708adf1492a03b
Content/Elevator/Textures/T_railings_N.uasset,22680895,0f279f0997d2f685bfaf4ddaf066c22e00a8204508124f02c45611119eed0681
Content/Elevator/Textures/T_windows_BC.uasset,1802942,584903e35ff066c7d9cce596754d195f08b53900a09c27cb33c85c8124f45756
Content/Elevator/Textures/T_windows_MT.uasset,1424115,9827924c791b86e824b0a6bb888ab71ba77004e603e6d32bbf1070bf035f077a
Content/Level/_GENERATED/yimengchen03/Stairs_78CB57FC.uasset,19149,d7db763ae07ab3238a64e8883e1035b893838bc23d4e19f08ebc5f8eda78f3f1
Content/Level/_GENERATED/yimengchen03/Stairs_88BD18E0.uasset,19567,2c51be67e108f2df33840032630d68732c48537e36e462750112bb99d6bced0e
Content/Level/_GENERATED/yimengchen03/Stairs_B2736783.uasset,41912,a605734b2410199fda36ddb4fed4d2e9a0293859d2215a93ce714e29d0378b32
Content/Level/_GENERATED/yimengchen03/Stairs_C5310AEC.uasset,28563,de49091d8eae5831837d39a38b84d74986beb20383f9614d785bf1d7fff83366
Content/Level/_GENERATED/yimengchen03/Stairs_E77D272E.uasset,59767,a9056a4005ca3473426b506c34690f4bcff26e735c4cd035c513311801f94125
Content/Level/BuildingBlock.umap,1045555,5f03bd98920b07df218cbc3c3285f8ac32ef57125896c822405b0847ab54a5a9
Content/Level/F1_Centre_Block.umap,8751,947ccbdde76c4e0dfa693e8d56d54674d6ba61675b7fb61c1dc5caeb87960e2e
Content/Level/F1_Others.umap,40247,153e1356476b32c3b2ace5f1d0cd70068bbd972c755e8272ae2c307410d4d9e2
Content/Level/F2_Room1.umap,29927,f3bfb4bc26a1447092000b02f12a2926a17d854b9465d21f517446bee37dd659
Content/Level/F3.umap,6603,416a7e7ecbc3ac1f59d2efe9c865de58944b33b250915c325a97faaeeeefd54b
Content/Level/GlobalLight.umap,32559,c66fb5f7e49e7b5a1dd100dd6478d0c2eec4a8c58f2affd230440fab52f601c1
Content/Level/LA_MainWolrd2.umap,2662878,48695167416f7a7da0683f7d09cca4510ca0b0f358f1b0337ff10508078616a4
Content/LevelPrototyping/Interactable/anlan_inter1.uasset,86989,1f965029fc56633d2493b9b4e45665ec66d4ffe259db5dcb6e7d8c1ac967a535
Content/LevelPrototyping/Interactable/Door/BP_DoorFrame.uasset,448616,4386d7d71b8d5241fd8150aa47900711eb0d8bd069c00de25fce07f011d698fa
Content/LevelPrototyping/Interactable/Door/Meshes/SM_Door.uasset,61449,14a2be0a2a45739d1a7c0c63a67d996e19284f6f3cab3b153a5cb71aa20cec5e
Content/LevelPrototyping/Interactable/Door/Meshes/SM_DoorFrame_Corner.uasset,87796,839db456b67963cf34c134beee885a4ae10cadc3963ccfb7fbaae80c489cbd60
Content/LevelPrototyping/Interactable/Door/Meshes/SM_DoorFrame_Edge.uasset,69640,7cd35e404398f97c3c7a715dd643a59c04ab12e0c3d69edebf8b47175e7e4ce8
Content/LevelPrototyping/Interactable/guizi.uasset,82264,ed1d46ee29096cf6a1409ee992c62bb6dd955e09663bd2ff823ea72966828663
Content/LevelPrototyping/Materials/M_PrototypeGrid.uasset,79863,bf8625ad5917cee705867038d8a590b25465e6b5d5818a738a584e515d7cbdfc
Content/LevelPrototyping/Materials/MF_ProcGrid.uasset,49820,e5ee13abdb241d9811f6c1bcc0a607d229fa7adc5f46bfd5a9d5fedbfa279683
Content/LevelPrototyping/Materials/MI_PrototypeGrid_Gray.uasset,13369,5affeb5ba98736eaaaeb6ac8d534dd0501dbfe9fdc84ea1d56726ccd62b3ea70
Content/LevelPrototyping/Materials/MI_PrototypeGrid_Gray_02.uasset,11922,fa0f2a06a7d937127d7d737c13bacb3f8fe88c8e0479f5e6b7cda81fd225d077
Content/LevelPrototyping/Materials/MI_PrototypeGrid_Gray_Round1.uasset,12666,e6763319c05f12d37a6c4fc52aae0e41a875f26cdd579807fc2da8736a1460ea
Content/LevelPrototyping/Materials/MI_PrototypeGrid_Gray_Round2.uasset,11684,bef84a0ca5eb19c0b4119ed9415b5b5c76d00b3aa25d2dda83169cbfea0b2289
Content/LevelPrototyping/Meshes/anlan.uasset,192131,bca74cff03917e63588bf9edeee15046c4029631925650d5e479d5969a61ca9d
Content/LevelPrototyping/Meshes/Bridge.uasset,103053,3d841686cfaf89b5d84dedb6a4090d08fe6d074ccc7ad686aba1f42d34f0879a
Content/LevelPrototyping/Meshes/cur.uasset,267295,26cf6e765f71f1fc9603a13a9117e75d3d47f2766ebefa7a2be32945c46dc92e
Content/LevelPrototyping/Meshes/cur_chair.uasset,103748,63950604acd72852f23a243f2ca54418c4925b5aa6a4c8915df0f56c6004fd14
Content/LevelPrototyping/Meshes/dongshuhe_F1.uasset,1499366,8d2add33c5ea90867abb496c4844d18b35268630f70c4658385675d023c9be60
Content/LevelPrototyping/Meshes/dongshuhe_F2.uasset,1595509,578939fddfbe07f09d653393e8fe2a26791af502bdc34392ff2fc5de5d80df77
Content/LevelPrototyping/Meshes/dongshuhe_F3.uasset,1041515,f5f9f450b2c4c7ca29939057c616b92166075346577fea603f13dce731cc0c5d
Content/LevelPrototyping/Meshes/dongshuhe_Stair.uasset,241014,4fcca38b1ed73c163f6773f8c763288fdba15def1fb2e3fdb3d522d3fea487fb
Content/LevelPrototyping/Meshes/F1_BaseBlock.uasset,105182,b1bd08957bb03384364b132961db64a8f26e6a1d18b2dd3bdd09bbbc9cb04265
Content/LevelPrototyping/Meshes/F1_Entrance.uasset,197787,7013d06ec075c4a2a09a3274336ecb8d9c147cb5797f6e10482eaed4a9eafd8d
Content/LevelPrototyping/Meshes/F1_EntranceBack.uasset,172647,cb518fb6c24ff13fca642aa6e414acd52a1735bd56e8b7a4cd4b35970d8beee8
Content/LevelPrototyping/Meshes/F1_LakeandTrees.uasset,93977,df222a5f52e59f3af116b68e2b66018ec822faf3ea6a366bba8cb4e991384dc2
Content/LevelPrototyping/Meshes/F1Room.uasset,110422,bb2c3e6918fc5915e626a129973aa7e36c408bf90d62b9f17e7a2c9ecf53073e
Content/LevelPrototyping/Meshes/FTop_Main.uasset,100921,7a4d664bcde8fb88a1eb88437182e60d8ecff5880a939999eab93e7f56e6864f
Content/LevelPrototyping/Meshes/group12.uasset,96705,c21ea03c3193dc508520ec2b379680851af2b9d40507bfb9f873cbfb6e81db5c
Content/LevelPrototyping/Meshes/Higher.uasset,84815,1a1007fb539b2873cfb1c22f07df54b08c7d4c7625a9b40e200c0792354a1a7a
Content/LevelPrototyping/Meshes/left1.uasset,96784,c8db3bc5aa3b5cc78fb39b8a56c6ed89c71234e788db3576cdc5722030fb1f0d
Content/LevelPrototyping/Meshes/Mesh1.uasset,96649,df696458b6fa63cafff4fa480a8530e126211951317379de3e6b6bb53433593c
Content/LevelPrototyping/Meshes/right1.uasset,101204,739455ab3c86053c793e39c2a6f2a221f69eaf76e158b701410a5875c090d0c3
Content/LevelPrototyping/Meshes/Sideright.uasset,84649,b93b250b3f979ab7f328b9593820a170a2f77d117b3123247a09716d9cb1fe4d
Content/LevelPrototyping/Meshes/SM_Cube.uasset,18264,4eab50b73aed6284851cb147d8947c80481e7714db1f6b13296f4b5905c22090
Content/LevelPrototyping/Meshes/SM_Cube_Centre.uasset,18320,68c5bbcb1f3b7277e5891b0bc30b666914a4bf8fd49fadb1b080bce5ac7b4b6e
Content/LevelPrototyping/Meshes/SM_Cylinder.uasset,194991,f406be118b21157c1b198b1bec0004f6f3c5c5c4f454c36752491ce68cd9fa33
Content/LevelPrototyping/Meshes/SM_Ramp.uasset,18619,8d4a04f1621ce37b6c4dcdf234d5cf135266227dc35bf06d0614c62e9af68aa8
Content/LevelPrototyping/Meshes/stair2.uasset,1082154,38fa4bcc95e0a777113ad817b98f4164cefdd9edd2c17df0cd34cd47c9277fbe
Content/LevelPrototyping/Meshes/Stair_anlan.uasset,463786,59f10b1a20363d9533f198b056fbaf0cc7af8be2dca096943e1bcb5bbe72aa6d
Content/LevelPrototyping/Textures/T_GridChecker_A.uasset,9600,bb8334767064b107ec4f4407ef1365e8b9e2dfeff5984e66d4a6232254ddd02a
Content/Mat/M_Emissive.uasset,17222,90a965029d83b674e0ae2ab7bda7bead472b21f509cd39d3af41e4d11d45db9f
Content/Mat/M_Emissive_Inst.uasset,12378,9e1033ec06f5f560143cebeccbe0b194cbc53c7016ba171bf28dc225691fd30c
Content/Mat/M_MasterMaterialORM.uasset,53826,770b7e063ee1d42e1ca5930df7a1d75b03f32af3a47af71b65b5dfeaf6b65264
Content/Mat/M_Transpa.uasset,11243,f7976d903fba430a0533bc63615f5b14d998448491f694f26342438f23a67d9a
Content/Mat/M_Transpa_Inst.uasset,7881,39e70408dfea85ab986c52ef09a8786b0388f21defc207b0c572c5e0e906aeba
Content/Mat/MI_Concrete1.uasset,12356,5313f8ae6d5e4745ef3f67743bcbc72d37bbb88bc2a4b8eda7dc5841b13c6ebf
Content/Mat/MI_Concrrete2.uasset,12691,ab048e5ed742560103729584a71ca77e6113ba6fb34426feb9049a01622385b4
Content/Mat/MI_Concrrete3.uasset,14697,a0079af0c44ed62f06fae694e4617c230b94a60620c05b496218b8bdde07a4f1
Content/Mat/MI_metal1.uasset,13250,773789a46373c8e99d76168c84f4bca1a4dc0589956e2785c2eefebf5d0ba31d
Content/Mat/MI_Wood1.uasset,15357,0e777d1070496fdc42deef57cedb3eacb267fa81b7cc3afc2d5052bba3609c64
Content/Mat/Temples/M_normalMat.uasset,22728,d9e5a8f445d7aa3754386a9292a70f6751df3b1438a78756ff43ab6097fa0fb4
Content/Mat/Temples/M_saperateMat.uasset,27185,661323cd794821bba7e93016b698052f59b6eb0af6dd23c4bb2b744fc21fdb25
Content/Mat/Temples/M_saperateOPMat1.uasset,29967,73d623ae90627891165dfe6b8ace6feb49e983a379ffa94e2e820e5151f01a7c
Content/Mat/Texture/black_marble_tiles_tkogehsi_8k/Black_Marble_Tiles_tkogehsi_8K_BaseColor.uasset,50772158,4b2684c51bcbad460e6304fc6f3b52d3660efa2f169a20f4ebe2533bbc287fae
Content/Mat/Texture/black_marble_tiles_tkogehsi_8k/Black_Marble_Tiles_tkogehsi_8K_Normal.uasset,9211307,a0bebf7d86e1ef293af6ec2b0982459b09d5909b6ce47899c324d539f74b3091
Content/Mat/Texture/black_marble_tiles_tkogehsi_8k/Black_Marble_Tiles_tkogehsi_8K_ORM.uasset,102125665,a0dfa1c2a6030edbebba434e162e387a200dca7f821b9dd87ef4b53ccfb27300
Content/Mat/Texture/Concrete_Floor1/T_ugxjcdpn_4K_B.uasset,35559009,dbfbb3d284534ab0713bd854591c78e74de89317c8c9ab1ae8b084d4f0062d97
Content/Mat/Texture/Concrete_Floor1/T_ugxjcdpn_4K_H.uasset,6323828,272be0b7cce8bcafa18a6d247e67a7580dd75d8f433c1c1c9445e119d7bbd7ef
Content/Mat/Texture/Concrete_Floor1/T_ugxjcdpn_4K_N.uasset,32997269,0451e5ada122aa3fd1faf7b9980d277e5352cf0079af7e2a9f4b67ef20bd3586
Content/Mat/Texture/Concrete_Floor1/T_ugxjcdpn_4K_ORM.uasset,27804241,36eddf4cf02fc8c36ea1df33b06648298bb265611be6aac4b6e90c19cbf05a59
Content/Mat/Texture/concrete_pavement_wlrvaf3_8k/Concrete_Pavement_wlrvaf3_8K_BaseColor.uasset,31615928,7c102d554576bea3964c04fe9dc9412a2139cada6438548ca3f84b2b754dabec
Content/Mat/Texture/concrete_pavement_wlrvaf3_8k/Concrete_Pavement_wlrvaf3_8K_Normal.uasset,58387096,5dbe5a3aaab6582fee561da6f8d88564341343f623e0630f2a56ee96e224d638
Content/Mat/Texture/concrete_pavement_wlrvaf3_8k/concrete_pavement_wlrvaf3_8k_ORM.uasset,108405784,79bcfdd311c7e097517e132ec2584ad4dcd4b56a2c64b9f42c838b6f0ea17cbc
Content/Mat/Texture/military_trenches_ground_dirt_rough_02_yd0lacrs_4k/yd0lacrs_4K_AO.uasset,2949173,cebdd3bfcec52ce80ce05e0662bfba76fe32c820e05ef506e75fc4d29f6893f3
Content/Mat/Texture/scratched_painted_metal_sheet_vbiiegp_8k/Scratched_Painted_Metal_Sheet_vbiiegp_8K_BaseColor.uasset,8528418,307c9370bee43d5fdeeb010f9337a7ca14aca5c20386ba731d2f066db184a1bf
Content/Mat/Texture/scratched_painted_metal_sheet_vbiiegp_8k/Scratched_Painted_Metal_Sheet_vbiiegp_8K_Normal.uasset,7401520,bb82b1a222eb897db7677c941a06f395ea419cc6de869f18f809d1d72e5efd4a
Content/Mat/Texture/scratched_painted_metal_sheet_vbiiegp_8k/scratched_painted_metal_sheet_vbiiegp_ORM.uasset,34370934,2646d5252281e2f30d34eb7fcf6c2f5982bac58dd72f277091a0d5a0ee883747
Content/Mat/Texture/Woodenfloor1/Wood_ORM.uasset,22969149,99478bfadce6d6aeccc3959cd5c30792d4f8b7242e070b7901b976c589646f68
Content/Mat/Texture/Woodenfloor1/Wooden_Floor_wdipfjw_4K_BaseColor.uasset,15401274,53516f51a748ea3ac025dc1c17073be8f7be4a7ac0099154403de3dee264c1d2
Content/Mat/Texture/Woodenfloor1/Wooden_Floor_wdipfjw_4K_Normal.uasset,7785671,e88edc4f4ea84245ac46f24a2870e551445f1e6b6719f859a8aad0c13f0a9cf5
Content/Materials_Frabric/Materials/M_MasterMaterial.uasset,57247,58fabb644043df3870cbf347d3116423690c614e2961efc0e501e6cb963816c1
Content/Materials_Frabric/Materials/MI_Fabric_carpet_01.uasset,16845,14ad2db982f337e80887065e13ae3ea466c5b2f70c7ef9cc056448c15ee981f0
Content/Materials_Frabric/Materials/MI_Fabric_Pattern_01.uasset,18670,ab2c61487a6f39ffd0a71407698ba961ef42462127bc71147095f3dc62851af8
Content/Materials_Frabric/Materials/MI_Fabric_valvet_01.uasset,15481,a160a12365cb88808323b40d591811074b5588e358e6c8d782854090f23295c0
Content/Materials_Frabric/Textures/Fabric_carpet_01/Fabric_carpet_01_ambientocclusion.uasset,16612750,8d3af69655e93af84067ddad750be6d0d9cdd5f413a1fd25a51a36b316e940d6
Content/Materials_Frabric/Textures/Fabric_carpet_01/Fabric_carpet_01_basecolor.uasset,21315766,98ef120ca2ce31490b3b082651c4ce7f7d2c0ae729fcf337d80e1e0f72e86cdf
Content/Materials_Frabric/Textures/Fabric_carpet_01/Fabric_carpet_01_height.uasset,12771120,c721c4dcd818321e2a87b4c4dbf9e7c759079e6968827667d8f662f2fdcc73e4
Content/Materials_Frabric/Textures/Fabric_carpet_01/Fabric_carpet_01_metallic.uasset,5723,8f097e5a872f310bd2f2d913049cc18db4d647dde4f89c6b2576cd0f5c93dea2
Content/Materials_Frabric/Textures/Fabric_carpet_01/Fabric_carpet_01_normal.uasset,57924060,bd32990688158e9fced526a69f7447a8648848bd3f599cfcc88e864109b0569d
Content/Materials_Frabric/Textures/Fabric_carpet_01/Fabric_carpet_01_roughness.uasset,10073928,69f44508222f58a2cc08d74fe3f4bfca93fd0ac57e2c9d030f31c84f312face8
Content/Materials_Frabric/Textures/Fabric_Pattern_01/Fabric_Pattern_01_ambientocclusion.uasset,15054873,9f9a77541b26c30eacd4d8342f0d38ff21f63d6cd64f982f9db68b63552f9774
Content/Materials_Frabric/Textures/Fabric_Pattern_01/Fabric_Pattern_01_basecolor.uasset,45943937,0a4152d88d127c2d6d25d55caabb910c063f6b482a78608f7e4cbe64ea7a7555
Content/Materials_Frabric/Textures/Fabric_Pattern_01/Fabric_Pattern_01_height.uasset,13170771,edd2543e44112fc97dff7b83ada01e3f1952a2c3faf76ac24f482d570ba466d1
Content/Materials_Frabric/Textures/Fabric_Pattern_01/Fabric_Pattern_01_metallic.uasset,5732,72873e39c98021f0bf18bf193bf1a0a7080ee8c53ab1f46361d04639bf5bd5d6
Content/Materials_Frabric/Textures/Fabric_Pattern_01/Fabric_Pattern_01_normal.uasset,54898510,1ce9f44cd13945c49151652eca6f65656604d7343b355613691cf8ee28786c59
Content/Materials_Frabric/Textures/Fabric_Pattern_01/Fabric_Pattern_01_roughness.uasset,11040550,d3bfceb614e79160244b8163c836bd241fc722a3dd88c3c8881ee927bfd112a5
Content/Materials_Frabric/Textures/Fabric_valvet_01/Fabric_valvet_01_ambientocclusion.uasset,15955305,307f13cbaad4aba9e09cd528ae1ca74aff4d961cdb5e09e89eb3b28f26b48276
Content/Materials_Frabric/Textures/Fabric_valvet_01/Fabric_valvet_01_basecolor.uasset,28188382,f7b6a4a89608cc300f825a9b269deee61389df3295d155b6392ef2f9ae03df76
Content/Materials_Frabric/Textures/Fabric_valvet_01/Fabric_valvet_01_height.uasset,11415830,f13182b6ecde550576c31f36eae8dbd600b19949a06891c49a59f37a89d54afa
Content/Materials_Frabric/Textures/Fabric_valvet_01/Fabric_valvet_01_metallic.uasset,5723,9c56fc8b9cac819652bcbd176f7a4080190b45a8f458d6b11cdf8d3a8a0bcd32
Content/Materials_Frabric/Textures/Fabric_valvet_01/Fabric_valvet_01_normal.uasset,58198332,d1b8f12fcb3a33b02515b710a7d8252fe779fb805421035b598e12a691dfea2e
Content/Materials_Frabric/Textures/Fabric_valvet_01/Fabric_valvet_01_roughness.uasset,1499866,3761275656d2620963c1f0a5b530bbd99db8098bebb07127e2bc804087d496c5
Content/Megaplant_Library/Tree_Silver_Birch/Instances/Branch_Silver_Birch_01.uasset,7058434,69232f0cc0d31b514bac75edf2192b831f07773e5be54607764329d99425133c
Content/Megaplant_Library/Tree_Silver_Birch/Instances/Branch_Silver_Birch_02.uasset,11358714,ae2737c155671dbf81db8cdd7c68f18ed83577b2c73707ab93eb4c5569d4f655
Content/Megaplant_Library/Tree_Silver_Birch/Instances/Branch_Silver_Birch_03.uasset,9789487,52cb5ff89acb183a6004ed829d8bbd3b5cfa2e89a645895ca33dfe038534e270
Content/Megaplant_Library/Tree_Silver_Birch/Instances/Branch_Silver_Birch_04.uasset,6295667,3feaa977b1a2a83bcda86ba78e5386382860eb844022970738aa91f032e5008a
Content/Megaplant_Library/Tree_Silver_Birch/Instances/Branch_Silver_Birch_05.uasset,6018960,64e2c5e4f3dd68e538b5da599a28767836e16900641afc704091db10c9ae74a5
Content/Megaplant_Library/Tree_Silver_Birch/Instances/Branch_Silver_Birch_06.uasset,6317996,40437bc810162aab152507a35ff72f2a3224317935b0a3ef6dc037ebcdf5c67b
Content/Megaplant_Library/Tree_Silver_Birch/Instances/Branch_Silver_Birch_07.uasset,5718399,a0a0307df17403afc5d318632cda69146688207552310fc01267c0cbb54aa9ff
Content/Megaplant_Library/Tree_Silver_Birch/Instances/Branch_Silver_Birch_08.uasset,4101879,b48f448245ed021f3ca90a24ae369280e6218c49f7c60df558660138d200f94d
Content/Megaplant_Library/Tree_Silver_Birch/Instances/Branch_Silver_Birch_Decaying_01.uasset,11789282,16ab9bd21b6f5e357b3931063b6f6357ec27c1bbc6a85e3be0a52dfd0121436f
Content/Megaplant_Library/Tree_Silver_Birch/Instances/Branch_Silver_Birch_Up_01.uasset,4634005,ca13d3447f45ecf50c47f993ce6167a7e7f69fb14a6a22ef93f99303b427b2ae
Content/Megaplant_Library/Tree_Silver_Birch/Instances/Branch_Silver_Birch_Up_02.uasset,4725306,f555c375aab3c21659d06ab1035a66be748f3ae6b255bb066f3cb5ce42bc6ba9
Content/Megaplant_Library/Tree_Silver_Birch/Instances/Branch_Silver_Birch_Up_03.uasset,7193341,cd165dc359ad67bd8154b30cf9f50e992409baad0505d14532e4ea16829173ca
Content/Megaplant_Library/Tree_Silver_Birch/Instances/Branch_Silver_Birch_Up_04.uasset,6400689,89615c219aa55a8f219e766144d3a9e0b67f96bcbf91c65b6a43501c80323682
Content/Megaplant_Library/Tree_Silver_Birch/Instances/SK_Branch_Silver_Birch_05.uasset,7840,f1cf4fecaf9991ebf0c2934589fad5d8ebda9f537b2d3a45457cd9b2a4c08280
Content/Megaplant_Library/Tree_Silver_Birch/Instances/SK_Branch_Silver_Birch_06.uasset,8562,76cc5b23f957a5f3624632f74baef38ff9288ea9e9a914fc518bf5755583d0e9
Content/Megaplant_Library/Tree_Silver_Birch/Instances/SK_Branch_Silver_Birch_07.uasset,8005,6c4eaf90d1c11b95a3b500b258502372c68537daf501d82d36fb27ac3e7d1e02
Content/Megaplant_Library/Tree_Silver_Birch/Instances/SK_Branch_Silver_Birch_Up_01.uasset,7199,cb54050462d60ac4f7adb94b9e311deacd10dcbd7c30d0711ab62c6b0ca137f0
Content/Megaplant_Library/Tree_Silver_Birch/Instances/SK_Branch_Silver_Birch_Up_02.uasset,7003,444027367679be72b46f3240a622a184b2944ecd144380edb0fee4a2043440c3
Content/Megaplant_Library/Tree_Silver_Birch/Instances/SK_Branch_Silver_Birch_Up_03.uasset,7791,cc742d3c44ae39126ee8044480436d7b8e73b6640a2bb890b762f84ddec79513
Content/Megaplant_Library/Tree_Silver_Birch/Instances/SK_Branch_Silver_Birch_Up_04.uasset,8046,9dcb4385357b65ba5b40c4e614fea9964a807ef3f507e55d4b4746b085fe5eb2
Content/Megaplant_Library/Tree_Silver_Birch/Instances/SKM_Branch_Silver_Birch_05.uasset,32015926,c1036fa8eebf29fe730e8e1c2b14ffdc4758b1dc02d8ad1fb2c23405c4c367a0
Content/Megaplant_Library/Tree_Silver_Birch/Instances/SKM_Branch_Silver_Birch_06.uasset,33079634,7b08bdbf9b8fab0fb9e9f392749661fff3d639ddf1ce7b1d0e7c02ebaab3f995
Content/Megaplant_Library/Tree_Silver_Birch/Instances/SKM_Branch_Silver_Birch_07.uasset,29281713,4b16a1f3c9cc4ac82b485fa6af3d3377886ac94967575127ab4015f3fa2a210d
Content/Megaplant_Library/Tree_Silver_Birch/Instances/SKM_Branch_Silver_Birch_Up_01.uasset,23994137,63738d60b7c87f36f4748be77cbccb52234874e314420b6f45566a2062471442
Content/Megaplant_Library/Tree_Silver_Birch/Instances/SKM_Branch_Silver_Birch_Up_02.uasset,24770412,3e53ae0f7807fceb3a8a1f1af3f9f11c41336f8d1a991352b6416cc1d81904ac
Content/Megaplant_Library/Tree_Silver_Birch/Instances/SKM_Branch_Silver_Birch_Up_03.uasset,39027599,5c3f49ecf471115553a07d62dcf866c9e58dff840090a2fb37d89ff6da7c6da7
Content/Megaplant_Library/Tree_Silver_Birch/Instances/SKM_Branch_Silver_Birch_Up_04.uasset,33945665,66859c5e06e6528658cf8084c2c69a592720cae9c3741ad866f62297bf1db251
Content/Megaplant_Library/Tree_Silver_Birch/Instances/Twig_Silver_Birch_01.uasset,585941,ca90ebd09b733072ce3593023cbc8b7ee6ee0769b331900682d47d62856662d4
Content/Megaplant_Library/Tree_Silver_Birch/Instances/Twig_Silver_Birch_02.uasset,677001,d8143573ab2cdae52052a0e6e3eecffd0f4707564eb295ab220e0c7c1cb97f48
Content/Megaplant_Library/Tree_Silver_Birch/Instances/Twig_Silver_Birch_03.uasset,745909,6efccdbafb9ed084669ad1d8549b3074ead5f941f9d49ef1506e29b8f53dfef6
Content/Megaplant_Library/Tree_Silver_Birch/Instances/Twig_Silver_Birch_04.uasset,681438,99de8a8555278022bf3f8bb6e324ac0934eb5b2248b5e64cc017a68559e15c40
Content/Megaplant_Library/Tree_Silver_Birch/Instances/Twig_Silver_Birch_05.uasset,453744,a547f6584ab248036f9b9e17610b719bc205db37a36a5efba35d271b070bec2b
Content/Megaplant_Library/Tree_Silver_Birch/Instances/Twig_Silver_Birch_06.uasset,426908,917ac9f8e56d0be5957ed8035e1da66f8a83a407b35fb64c3a5685cbdac225a3
Content/Megaplant_Library/Tree_Silver_Birch/Instances/Twig_Silver_Birch_07.uasset,548709,a022b26ecb50bc85721a71ce953af634c1c928045c555e02a8f596a7d413a157
Content/Megaplant_Library/Tree_Silver_Birch/Instances/Twig_Silver_Birch_08.uasset,477294,82a5b3e12a479e4c96b25ebe4e3fec497695b79b84208889a7648df134faf062
Content/Megaplant_Library/Tree_Silver_Birch/Instances/Twig_Silver_Birch_Dead_03.uasset,367145,4f3a097e0d65b088f2c43d33263b1898ab19550817fbe8fd63ca7b1d97f5bc00
Content/Megaplant_Library/Tree_Silver_Birch/Instances/Twig_Silver_Birch_Dead_04.uasset,395898,2d7194a3a723ce092095b2f65ebb9a4b61014a276916b4100d1a1e6bc694d45b
Content/Megaplant_Library/Tree_Silver_Birch/Instances/Twig_Silver_Birch_UP_01.uasset,519111,0b4ad13c15fa062a4945652c4ebfeae990549a2f30b518fcbecab015d5fe7e29
Content/Megaplant_Library/Tree_Silver_Birch/Instances/Twig_Silver_Birch_UP_02.uasset,694548,b5221bfa818d4e6b4aeef070040df2e9e57c7b6f2c920a2c23e9dce53cfaa6af
Content/Megaplant_Library/Tree_Silver_Birch/Instances/Twig_Silver_Birch_UP_03.uasset,646307,cf334554b0e26d22fd9cea5db096dab1d3d597b530261c55232cbc26e150698e
Content/Megaplant_Library/Tree_Silver_Birch/Instances/Twig_Silver_Birch_UP_04.uasset,658256,d0ca7817ba813454567d198c9927a8ddda4427da8fc1c984af9f45d7b6439ce7
Content/Megaplant_Library/Tree_Silver_Birch/Instances/Twig_Silver_Birch_UP_05.uasset,500091,1fe403875ca9990d889eb06bbb00e42d49d1add805ed818612799b0fb056c80a
Content/Megaplant_Library/Tree_Silver_Birch/Instances/Twig_Silver_Birch_UP_06.uasset,469596,cfcc564b321ec2ebc7dbbc544c17ae0324bef511e3cb31d965c29ddca37415ca
Content/Megaplant_Library/Tree_Silver_Birch/Instances/Twig_Silver_Birch_UP_07.uasset,409402,f33b3c82828779eb1aaa4aadbf775c75dfc6e8b0400b60ce762d5f0b8e6d939b
Content/Megaplant_Library/Tree_Silver_Birch/Instances/Twig_Silver_Birch_UP_08.uasset,652291,9d57c948f47da662b4c233f280d792bb460b346531339ecb1accd69a453e59af
Content/Megaplant_Library/Tree_Silver_Birch/Instances/Twig_Silver_Birch_UP_09.uasset,419975,41e8b20f526d3f0320c414ef8d6ea102794423216330eb3c97d1f4380a4cf0be
Content/Megaplant_Library/Tree_Silver_Birch/Materials/MI_Silver_Birch_01_Bark.uasset,13387,e5c98a1859b933bcf7f81671c736a9a7598bba4e884272712aecdfab043a5138
Content/Megaplant_Library/Tree_Silver_Birch/Materials/MI_Silver_Birch_01_Bark_Blend.uasset,14783,4edcf946f453f031542bc04adae9b61ebd0f479fa7730f1a5e78966e3ea280a6
Content/Megaplant_Library/Tree_Silver_Birch/Materials/MI_Silver_Birch_01_Foliage.uasset,13672,e3906341d637b6f9181279d20751e509e01188dab152286b77b67dd4ab526efc
Content/Megaplant_Library/Tree_Silver_Birch/Textures/T_PVE_MeshDisplacement_04.uasset,19715495,2abad0b4a54f2476dde28d75450323778b3b2b737737f2dd8654ea442e1b7da0
Content/Megaplant_Library/Tree_Silver_Birch/Textures/T_Silver_Birch_01_Bark_Smooth_C.uasset,39064403,810004d5a8c49f5426d265ccb464b154bbe25e229a0692bf8059237b991c8bef
Content/Megaplant_Library/Tree_Silver_Birch/Textures/T_Silver_Birch_01_Bark_Smooth_NAH.uasset,72861247,adc8dd98c0328e88442bf48f1ac16d1d5e8e0c8b12e2b868286bf728b65afa21
Content/Megaplant_Library/Tree_Silver_Birch/Textures/T_Silver_Birch_01_Foliage_CA.uasset,18610664,5ceaf91fa86276913df78c69cdbaff7f82394b783820579ed0fba965ebb5080a
Content/Megaplant_Library/Tree_Silver_Birch/Textures/T_Silver_Birch_01_Foliage_NT.uasset,31095310,9a7bbf35bec641e85f95d3be51ed02bcfc0453165333bf82e5e475a746888ac5
Content/Megaplant_Library/Tree_Silver_Birch/Tree_Silver_Birch_01/Birch_WindSettings_01.uasset,2208,08ca74e139bc862fbf39c1131d6e7aa288e717fb520f5082c9d4953c491108d0
Content/Megaplant_Library/Tree_Silver_Birch/Tree_Silver_Birch_01/PVE_Preset_Silver_Birch_01.uasset,5245,49abf3e6a93c8ad702954426839df60124fb7446f6a3b014c204311011e7489b
Content/Megaplant_Library/Tree_Silver_Birch/Tree_Silver_Birch_01/PVE_Silver_Birch_01.uasset,403089,f67795820a2e73e40b88ed08e07724ae7a85fb635dbc0ebc00b5f055dd7e6541
Content/Megaplant_Library/Tree_Silver_Birch/Tree_Silver_Birch_01/PVE_Silver_Birch_01_Data.uasset,4748912,438bafaca532a2f953185f9a4107182daeb5e894b1e7dd6b2ab42cc463644af7
Content/Megaplant_Library/Tree_Silver_Birch/Tree_Silver_Birch_01/Tree_Silver_Birch_01_A.uasset,3214092,d5b7ece69e5265c2752aeaad5efe20705d962aa3f187e535289485bac5cd6e9b
Content/Megaplant_Library/Tree_Silver_Birch/Tree_Silver_Birch_01/Tree_Silver_Birch_01_A_Skeleton.uasset,546131,44004bb65d811e18b123ec061e9bf6c15306e455dc02b8faf58206c04e0e69c8
Content/Megaplant_Library/Tree_Silver_Birch/Tree_Silver_Birch_01/Tree_Silver_Birch_01_B.uasset,5923857,3e2b6d961ae0d950d68aeca31e7dfc12ec05d47c4de3975b553145c93c3b13bb
Content/Megaplant_Library/Tree_Silver_Birch/Tree_Silver_Birch_01/Tree_Silver_Birch_01_B_Skeleton.uasset,1596978,3278349b9aa7226ff552df73bf0eb95712f32a65a344eb68ee9a612d022848d8
Content/Megaplant_Library/Tree_Silver_Birch/Tree_Silver_Birch_01/Tree_Silver_Birch_01_C.uasset,3352618,3fd6cf9955b555726853d643b682c90bb892845a939a1ef4830672637076c4da
Content/Megaplant_Library/Tree_Silver_Birch/Tree_Silver_Birch_01/Tree_Silver_Birch_01_C_Skeleton.uasset,765249,f67dd89173f2e191656ce17688db6ddcbbeab9527f2fabd2cec654fb31051db6
Content/Mesh/CheckinTable1.uasset,129729,e74de65bab4742c0df5deda5ad3b24899efcbf4c9bbfb8db772be99b84ac96be
Content/Mesh/Checkintable_texture/F1_Checkin1_initialShadingGroup_Base_Color.uasset,13903711,7cbb4b8ac30e0d37d89d7bb73f36a85fb170526a853aa05eee1732bef7c8b0fb
Content/Mesh/Checkintable_texture/F1_Checkin1_initialShadingGroup_Mixed_AO.uasset,3595626,26930b631e4684c25299568e3097ffa3ca0b51d301ae38d7b6728f3832e36466
Content/Mesh/Checkintable_texture/F1_Checkin1_initialShadingGroup_Normal.uasset,21816,6aaab6648ef15e3f336ad5b15409b3cc43d1bd88f78f6a7bbcccc1e655717a35
Content/Mesh/Checkintable_texture/F1_Checkin1_initialShadingGroup_Roughness.uasset,6120940,25e2de9f7bba68c544656e99ae70fa53156f4c53da910350a944e0924e9eb0f5
Content/Mesh/chesterfieldarmchair.uasset,1120616,fda9fe9e5658255d578087be0e932ed752004d06bf1a77573c47e2592a8aa204
Content/Mesh/dengpai.uasset,126249,310c4758f908da20f3f9ffddbf5ab998a606c2cffabee0bae14753374205fd8e
Content/Mesh/dengpai_texture/initialShadingGroup_Base_Color.uasset,5291931,321fbbb5eca644be4735af51f277de61cf9bb9d79f40f6d9bb44f8eb85709a62
Content/Mesh/dengpai_texture/initialShadingGroup_Normal_DirectX.uasset,18223879,64a8ca6d0121e3b3f9137f4fd21f3467a0328ff263975619c28dc70d48433579
Content/Mesh/dengpai_texture/standardSurface1SG_Base_Color.uasset,4999432,a6cef0c8974cc4712a859dd2fca9d2c3698289b6f114adbe5832ebecc51d4d16
Content/Mesh/Light/day_1_desklamp/Materials/Brass.uasset,66079,e3ca1c4720aea5fb9b2c3b8bb6db23c2c890c8741ce8cb7c97bfbb2aebb2c73d
Content/Mesh/Light/day_1_desklamp/Materials/Dark_Decoration.uasset,65668,cab3ca6a8dd23c3156416bc8b68e735703f2f239e49ec03e26b030e88bd30222
Content/Mesh/Light/day_1_desklamp/Materials/Light.uasset,65690,da8abdadadc29a97be00a51ae9a50ace1bcbc44f3eb6c82630339b40048b3630
Content/Mesh/Light/day_1_desklamp/Materials/Old_Paper.uasset,69089,0cbe9673d6b36eefb9cfc3757af45813b5a2052eee0547ac43dafcc6480e1465
Content/Mesh/Light/day_1_desklamp/StaticMeshes/day_1_desklamp.uasset,321073,24d403a231ef288aed07f7e8cbff4cfa4a0c00d7608a7c54785d66a77b2afc17
Content/Mesh/Light/light_type_15.uasset,95709,e68a4745175a5edd90f49019cc9df1a8a4a0e21a2ef75437d6fa80fde9277d8a
Content/Mesh/Light/белый_004.uasset,63846,dc996a6b0b4ce27f9d89ce947d3e7ec9c99c14210006c57f51f1356ab8bc60ee
Content/Mesh/Light/свет_4к_009.uasset,66481,e00369494e6a63430ad0b15827808197c754a29a954d9cf6fc14f4f683d29529
Content/Mesh/M_Emissive_Inst.uasset,11495,84313de97dcba4859d86073680cbe47174ac2b89ffe50cd9796328f59d818fc9
Content/Mesh/M_normalMat_Inst.uasset,13664,2c1e6abd70e986bb9a1e285c9c9e26d47a02a49329ce133e1e1bdfd5964b5ea8
Content/Mesh/M_normalMat_Inst1.uasset,20027,e0643e5ba0a3b8a29b74d32a30ac065d9a3feb60253e7a793065b13e802142b2
Content/Mesh/M_normalMat_Inst3.uasset,13482,10daf9738eff7c6f2dec8486b576be64f94632127eeddcfb6af47545e560f64a
Content/Mesh/monstera-deliciosa-potted-mid-century-plant/source/Leaves.uasset,260410,434ee4e7235270105688dfd35fa01ccf2db42c55573db28763f04301538c7ed5
Content/Mesh/monstera-deliciosa-potted-mid-century-plant/source/M_normalMat_Inst3.uasset,17789,152a0f3d900e8323b3538f73c60772ab7fb8626d765e865b329d7da23f9fb861
Content/Mesh/monstera-deliciosa-potted-mid-century-plant/source/M_normalMat_Inst4.uasset,17468,34ffdf1889ff08528ad2aa1933c809f1f5bbb5d7fd939ae57942ab94fe16a431
Content/Mesh/monstera-deliciosa-potted-mid-century-plant/source/M_saperateMat_Inst.uasset,15323,089b7b5e86ede3b41997fad71aa3f5e968fa537463f3c0935c2dc344fcd149c3
Content/Mesh/monstera-deliciosa-potted-mid-century-plant/source/Pot_LP.uasset,109627,5bb0d96d9d9b27319113fb85ee91159cdd45c2834c2acdd0045e452e1c5e13a4
Content/Mesh/monstera-deliciosa-potted-mid-century-plant/source/root_HP_1.uasset,197968,e967f39a5d665718a8ce0690fed6b4befa303b432b8d153ce913744315def44c
Content/Mesh/monstera-deliciosa-potted-mid-century-plant/source/Stand.uasset,89542,fb67d31e37a057b2e96fee9019977d5d980383db7236b8f2d5b27b55bcef5d07
Content/Mesh/monstera-deliciosa-potted-mid-century-plant/textures/Cube_1_Base_Color.uasset,12025704,e534f43dff0abcf875ef20ba05adb2342211aab8ebc693056b1c65a6d189ef69
Content/Mesh/monstera-deliciosa-potted-mid-century-plant/textures/Cube_1_Mixed_AO.uasset,4562191,2a97d2757e7c02f8cb2eb69b65b1b41730611c73aa28f2074b61f8881b71c7f8
Content/Mesh/monstera-deliciosa-potted-mid-century-plant/textures/Cube_1_Normal_OpenGL.uasset,46495193,7891f15649dbec4ae68903c61eac378172b7a00af0fdcde00713aacf65fb37cb
Content/Mesh/monstera-deliciosa-potted-mid-century-plant/textures/Cube_1_Opacity.uasset,275821,0b972cd29f125030a5dea07498a518aa499f2c8a891d0c893041e454acb696ec
Content/Mesh/monstera-deliciosa-potted-mid-century-plant/textures/Cube_1_Roughness.uasset,5213392,7ee4275f926937d4dfbf327fb3359568e61b423f5f3bf60512cbb4a19ab837d0
Content/Mesh/monstera-deliciosa-potted-mid-century-plant/textures/DefaultMaterial_Base_Color.uasset,13362954,5dbd785d292200e75c5ef5d56c1e25b6e7338d4758c80f658c9bfb5027c9bcfd
Content/Mesh/monstera-deliciosa-potted-mid-century-plant/textures/DefaultMaterial_Mixed_AO.uasset,5616563,4d2beadfef322a4a0837888a881aed7cbcd03e8b6d4481ba620b084ce345487a
Content/Mesh/monstera-deliciosa-potted-mid-century-plant/textures/DefaultMaterial_Normal_OpenGL.uasset,45446671,639a7dc4c3f94abf4f9ceeaede23203535be98fa690188e4fca545cf7ed0c95e
Content/Mesh/monstera-deliciosa-potted-mid-century-plant/textures/DefaultMaterial_Roughness.uasset,1678625,b1084c33fd8e28d89ba4be37d8602a10ae126a6a98444b5135f183af10f4b975
Content/Mesh/T_ChesterfieldChair1_ARM.uasset,5056255,d18db37db6e315765dcf68c17b6406a03e82b9f3661b59759c2c6426c0e6597d
Content/Mesh/T_ChesterfieldChair1_N.uasset,8372572,e9567b29bea8113713fa9077556f1734fe9e87ad9ccfcfe6c8912da0c605b3e0
Content/Mesh/T_ChesterfieldChair_D.uasset,7136121,ace40e0bbc3ec6d0065e394a3a0b512c4fe52fa483d8d2236ecc0b90de6d7b86
Content/Mesh/T_ChesterfieldChair_N.uasset,5735711,7a6f89401c212b9054ef4d38cdf9c6ceb984aedade5cc4cc7673261dce6faabd
Content/Mesh/victorian-chairs/textures/Chair_Metallic.uasset,459411,18f3041b518551c74c56d87922dbd2a8a219eda80ff77e439c7333395d1edf3d
Content/TileMaterial/Material/M_Master.uasset,50451,a1f0a6c7936c8749d47b3eb117189999cf28a4bd79627a3d5839d03b1397ae9b
Content/TileMaterial/Material/MI_Master_13.uasset,16823,abc6012bc5f6dbcf745c82cb8351c458981d67bcafa1ce70b4b8f09e0adadd94
Content/TileMaterial/Material/MI_Master_24.uasset,16965,d1597c84cd548feadff9a4011f5af2f6b63a970b58742f6b507ea34f1655d3dc
Content/TileMaterial/Texture/00/T_ao_map_00.uasset,803932,ccb41d357becb856f334773370a0405cd9a1051f62c66b1ce9d60e90b26e4bca
Content/TileMaterial/Texture/00/T_displacement_map_00.uasset,691779,5d5dc3d18e623a1072f1030db16804a8f9d4cf145f39d68cd8d99da882c9473b
Content/TileMaterial/Texture/00/T_normal_map_opengl_00.uasset,749765,f6a238a480832926104a33a162c13caef9b2d16be5500c0391d950f9823b8286
Content/TileMaterial/Texture/00/T_render_map_00.uasset,2326090,162e058e20c1d6892444d405e97fc9ebd8d8c917c8d862de571c22c7cd026367
Content/TileMaterial/Texture/00/T_roughness_map_00.uasset,1140652,dc2b53636c08e2a81652cb849f71cffa5e6ff7463be02189856bcb591bb079f6
Content/TileMaterial/Texture/13/T_ao_map_13.uasset,644332,21f496d380d5def366979eb4b7f50649be2ad8fbbf425e83c4e267f3e8fc6182
Content/TileMaterial/Texture/13/T_displacement_map_13.uasset,510732,85920e8152ac75a98c9b8eaf92d2fff9bcb725c33aab840adba191c97b5d3d71
Content/TileMaterial/Texture/13/T_normal_map_opengl_13.uasset,491816,df79b337f7844309844f05b48fbc732931a502caf7de212c9db0531b95bcda2b
Content/TileMaterial/Texture/13/T_render_map_13.uasset,2300652,735c567356d3ba140cec4592123206020fab1195b1ad62554ec49b69d5c2d982
Content/TileMaterial/Texture/13/T_roughness_map_13.uasset,1055613,68c029eecb60cd6ad40adc7eca13ab7dd8d5f32071fca64b47596e014a355e46
Content/TileMaterial/Texture/20/T_displacement_map_20.uasset,376346,3119be9e53e792dc6bcde485708a73f39c72d2739351981fd14861ee87e99c20
Content/TileMaterial/Texture/24/T_ao_map_24.uasset,222683,dae36120923d79cdbaf494506310e697a102749953550c706dd7f9c3268839a6
Content/TileMaterial/Texture/24/T_normal_map_opengl_24.uasset,207774,931d5e5cb3d523de030f10d61bd2a9b47f9a5a6fd6279a4534d4933bec4e5cac
Content/TileMaterial/Texture/24/T_render_map_24.uasset,858908,841dd3257ea2fcb11bb15f59de5cebf0abc73341af1e2876def922cff015ddb5
Content/TileMaterial/Texture/24/T_roughness_map_24.uasset,406735,7de3f93936f0fb7db18a28316eb5e77166227b05e645637989e5633fe976016e
Docs/EngineRequirements.json,87844,8e2051a4b4b0a9e36869b3326568179b7865aacfd2d3bc0050c7e5c6effff97f
Docs/IsolatedAudit.json,957283,0f170b4bb81ca05bba90a736015677b8773e7541481764b72bddce0e0534b8fa
Docs/PlayValidation.json,7133,cff9569f678a73b006ae2afcbc4dd310cd3b65838640ca338005fcf55c4f4bbe
Docs/PreflightTests.json,932,9cef429e89c655d12a05567d67573fad3ce760ea5c0452edbbbb4d120970758e
Docs/RepairDetails.json,1219,91bff48c13621b4d26b15d8757700492a514dc5523a22cb3ad1d4b27d62f6f96
Docs/Validation.json,1134,733886d89aa353a2b9ab0560058f3634c1b897d9c41eda4d71e33c6177c08faa
DSH_Standalone.uproject,1764,9b8285fee088ae5541c9903a2df112e296414e64bf1126b2620c9886dd82d79f
README_先完整解压.txt,2960,68680802e19fd75b88c849b4e63ea6f22f0136766a832921cea85d5bac2c050f
Tools/Verify-And-Launch.ps1,3841,be17ff1b2906efde5d973aee4896bdf3a5cdd31b0d79d3d3a97e6d44b4df275a
交付与独立性说明.html,3501,2a9f3ebe3f4bf552c892488d7b56ae7be46b08f8ed5ec938a97c741559446f72
